Date,0
2014-01-01,0.0
2014-01-02,0.0
2014-01-03,-0.0038755827445015488
2014-01-06,0.0017965735896866676
2014-01-07,0.0039098724992543965
2014-01-08,-0.014121643308727217
2014-01-09,-0.014266364344770667
2014-01-10,-0.014266364344770667
2014-01-13,-0.015349751133590262
2014-01-14,-0.01605656303459818
2014-01-15,-0.019741626507316357
2014-01-16,-0.02271816325441549
2014-01-17,-0.024971855662976373
2014-01-20,-0.019812439845828513
2014-01-21,-0.020452473956526142
2014-01-22,-0.033673212740253824
2014-01-23,-0.034465476856955383
2014-01-24,-0.03257731170365242
2014-01-27,-0.046457805631873086
2014-01-28,-0.04054769722933535
2014-01-29,-0.026347794991174494
2014-01-30,-0.004428791708523699
2014-01-31,0.004914950306413507
2014-02-03,0.015864936873171205
2014-02-04,0.016807650660037372
2014-02-05,0.0327103967360744
2014-02-06,0.04292814924063949
2014-02-07,0.04551752716772803
2014-02-10,0.04551752716772803
2014-02-11,0.03898826467047625
2014-02-12,0.0479663928381007
2014-02-13,0.043859244804236724
2014-02-14,0.038167636052144856
2014-02-17,0.03948588275470226
2014-02-18,0.039816516848209194
2014-02-19,0.045330236039343774
2014-02-20,0.0498807610892252
2014-02-21,0.05764257043953018
2014-02-24,0.05493254203210759
2014-02-25,0.06571154448039106
2014-02-26,0.0659956799119455
2014-02-27,0.061497319120494665
2014-02-28,0.06486987698246151
2014-03-03,0.07003507449141835
2014-03-04,0.06074155074061052
2014-03-05,0.060076146623194854
2014-03-06,0.05705695867740147
2014-03-07,0.05584934004776826
2014-03-10,0.06476233897605019
2014-03-11,0.06561801578091886
2014-03-12,0.06869682058128881
2014-03-13,0.06724455228547108
2014-03-14,0.0753939314832896
2014-03-17,0.06340691975578147
2014-03-18,0.054838603454107286
2014-03-19,0.0614024885519286
2014-03-20,0.0614024885519286
2014-03-21,0.060683362442979644
2014-03-24,0.07214306944535105
2014-03-25,0.06318762701739032
2014-03-26,0.06470860584579637
2014-03-27,0.06059886671814612
2014-03-28,0.060249346157528506
2014-03-31,0.06435154493885599
2014-04-01,0.06302465082498042
2014-04-02,0.06274485501946843
2014-04-03,0.06266790586136058
2014-04-04,0.060949461867837035
2014-04-07,0.06164300177399919
2014-04-08,0.06899532000443512
2014-04-09,0.06623489395015725
2014-04-10,0.08109646147820503
2014-04-11,0.07839162622086317
2014-04-14,0.07844128625590942
2014-04-15,0.07877316460159232
2014-04-16,0.0760791410495734
2014-04-17,0.06564838053244544
2014-04-18,0.06624650399751293
2014-04-21,0.0781782519657739
2014-04-22,0.0774480259159183
2014-04-23,0.07583116186520472
2014-04-24,0.08171921062018438
2014-04-25,0.0792909933373778
2014-04-28,0.0792909933373778
2014-04-29,0.07947266910870318
2014-04-30,0.07169834560032261
2014-05-01,0.07423305971468383
2014-05-02,0.07423305971468383
2014-05-05,0.07423305971468383
2014-05-06,0.07447976616330404
2014-05-07,0.06349342253273024
2014-05-08,0.06796703784791822
2014-05-09,0.06671547198690038
2014-05-12,0.07162499243993767
2014-05-13,0.08013400772554428
2014-05-14,0.07769417988102985
2014-05-15,0.09015622706349484
2014-05-16,0.08606684472094335
2014-05-19,0.09150507562275621
2014-05-20,0.08629169550513215
2014-05-21,0.09187510807706063
2014-05-22,0.09264573747930957
2014-05-23,0.09390233714360158
2014-05-26,0.0926843940620543
2014-05-27,0.1049847963108035
2014-05-28,0.11194137403247445
2014-05-29,0.11678726865463632
2014-05-30,0.10824783041424706
2014-06-02,0.10896610589348485
2014-06-03,0.11165377045186581
2014-06-04,0.10690616066499965
2014-06-05,0.11096267433407528
2014-06-06,0.1052605824875939
2014-06-09,0.10329223688614488
2014-06-10,0.09498398468091444
2014-06-11,0.09604932216225391
2014-06-12,0.09069265976744857
2014-06-13,0.09300198998172636
2014-06-16,0.09202363125624259
2014-06-17,0.0879998142896065
2014-06-18,0.08822716342451838
2014-06-19,0.08286518069056253
2014-06-20,0.08527778696064689
2014-06-23,0.08636014698294253
2014-06-24,0.09304685277203043
2014-06-25,0.0922884728539591
2014-06-26,0.09490369846444817
2014-06-27,0.09401157001557144
2014-06-30,0.0895690566062639
2014-07-01,0.09232514979677031
2014-07-02,0.0907496135594121
2014-07-03,0.09091892299762916
2014-07-04,0.09164797302768538
2014-07-07,0.09073817341351303
2014-07-08,0.09606239047386037
2014-07-09,0.09718374960483189
2014-07-10,0.09250156321665129
2014-07-11,0.09692615991338444
2014-07-14,0.09855150302858859
2014-07-15,0.1002316411267941
2014-07-16,0.09936739513728855
2014-07-17,0.09105915081167444
2014-07-18,0.09105915081167444
2014-07-21,0.09061317252118756
2014-07-22,0.08609572996229012
2014-07-23,0.08739820852207568
2014-07-24,0.0789971474553225
2014-07-25,0.08215004656910492
2014-07-28,0.08499621657324054
2014-07-29,0.08552329673355008
2014-07-30,0.08635331911528991
2014-07-31,0.0925399590283534
2014-08-01,0.07708221061588068
2014-08-04,0.07944654472930722
2014-08-05,0.08010654254019954
2014-08-06,0.08103112978892042
2014-08-07,0.08613490664861924
2014-08-08,0.08492517675447739
2014-08-11,0.083338982208851
2014-08-12,0.08292793338103063
2014-08-13,0.08147858171483648
2014-08-14,0.08259636425217508
2014-08-15,0.06337917558746524
2014-08-18,0.061723733875529284
2014-08-19,0.06661783492218291
2014-08-20,0.06880511369248156
2014-08-21,0.07402584971609295
2014-08-22,0.08524461290641398
2014-08-25,0.08296965011049427
2014-08-26,0.08470699566931796
2014-08-27,0.08005659708252304
2014-08-28,0.08268869433769827
2014-08-29,0.07725010174694226
2014-09-01,0.0772632101354116
2014-09-02,0.08057163996886597
2014-09-03,0.08509825451405416
2014-09-04,0.09690491370955673
2014-09-05,0.0982094896316362
2014-09-08,0.10277600703694151
2014-09-09,0.10618507534583185
2014-09-10,0.10347973732047518
2014-09-11,0.10170689195428138
2014-09-12,0.10170689195428138
2014-09-15,0.1072886379169829
2014-09-16,0.10971455782233228
2014-09-17,0.11108705980550002
2014-09-18,0.11207409328681747
2014-09-19,0.12068972308087104
2014-09-22,0.12068972308087104
2014-09-23,0.11563304077179705
2014-09-24,0.11513323992691746
2014-09-25,0.1190025502293095
2014-09-26,0.11687573259805797
2014-09-29,0.12114739862378682
2014-09-30,0.12440155683969836
2014-10-01,0.12172222727331566
2014-10-02,0.10796335999976212
2014-10-03,0.10309131783692617
2014-10-06,0.10628251965011541
2014-10-07,0.10863575148372767
2014-10-08,0.11539885701691924
2014-10-09,0.11942643975963713
2014-10-10,0.11942643975963713
2014-10-13,0.12072494487164057
2014-10-14,0.12953707810553283
2014-10-15,0.12063612621055488
2014-10-16,0.12511591456336318
2014-10-17,0.12817084968511203
2014-10-20,0.1273808349678021
2014-10-21,0.12022037422047632
2014-10-22,0.1152765551116621
2014-10-23,0.10613042695615753
2014-10-24,0.09563753407945
2014-10-27,0.09442420147879127
2014-10-28,0.09757544521414493
2014-10-29,0.0941627222767406
2014-10-30,0.10908833973534827
2014-10-31,0.10908833973534827
2014-11-03,0.1056300547383069
2014-11-04,0.1061392130927189
2014-11-05,0.12068528577210401
2014-11-06,0.12555838892270146
2014-11-07,0.11526891639304207
2014-11-10,0.10079737508975238
2014-11-11,0.09762406866300584
2014-11-12,0.09142795363433934
2014-11-13,0.09151118437979391
2014-11-14,0.0869262756088162
2014-11-17,0.08550610267120473
2014-11-18,0.07972500309645122
2014-11-19,0.0945359158905455
2014-11-20,0.10068918032828286
2014-11-21,0.10068918032828286
2014-11-24,0.10620022794329377
2014-11-25,0.10170526770540206
2014-11-26,0.09726123424068635
2014-11-27,0.09979747652011182
2014-11-28,0.10436145748423738
2014-12-01,0.10433731628055892
2014-12-02,0.10178978611865135
2014-12-03,0.10830990046279047
2014-12-04,0.10707732284690162
2014-12-05,0.10247716318134363
2014-12-08,0.10583622825440514
2014-12-09,0.10254160850709476
2014-12-10,0.10020949181482708
2014-12-11,0.08970226281461063
2014-12-12,0.09277200272788813
2014-12-15,0.0943890290728374
2014-12-16,0.10132836049796233
2014-12-17,0.10964327322548498
2014-12-18,0.10802766971737528
2014-12-19,0.10024410967367606
2014-12-22,0.10024410967367606
2014-12-23,0.10161004947341368
2014-12-24,0.09701930709428765
2014-12-25,0.09225321472355714
2014-12-26,0.08839238184765763
2014-12-29,0.09335629164020164
2014-12-30,0.09335629164020164
2014-12-31,0.09335629164020164
2015-01-01,0.09335629164020164
2015-01-02,0.08856373332061442
2015-01-05,0.09061928371828874
2015-01-06,0.09339049429705262
2015-01-07,0.09425371394578451
2015-01-08,0.08895700997546153
2015-01-09,0.08895700997546153
2015-01-12,0.08890354773195724
2015-01-13,0.08690103695809458
2015-01-14,0.08576632432384437
2015-01-15,0.08941807115775692
2015-01-16,0.08388078019579664
2015-01-19,0.0908116308728479
2015-01-20,0.09192580402123235
2015-01-21,0.09111811853807336
2015-01-22,0.09556650569089226
2015-01-23,0.09225405596921893
2015-01-26,0.09116677721076291
2015-01-27,0.08984021771841187
2015-01-28,0.08158599918523506
2015-01-29,0.08019335521620301
2015-01-30,0.09185106210267165
2015-02-02,0.10037777889315264
2015-02-03,0.09786893518816506
2015-02-04,0.09741005096740449
2015-02-05,0.11420471226737329
2015-02-06,0.10323489109274463
2015-02-09,0.10243656614510074
2015-02-10,0.10243656614510074
2015-02-11,0.10437525959609228
2015-02-12,0.10287319302889583
2015-02-13,0.10383682841893158
2015-02-16,0.10157951871235876
2015-02-17,0.1050107178042696
2015-02-18,0.1035698842827208
2015-02-19,0.10279018553743856
2015-02-20,0.09956858314233231
2015-02-23,0.09753879836818449
2015-02-24,0.1007881799463837
2015-02-25,0.10290472298402092
2015-02-26,0.0966151095517876
2015-02-27,0.10261426927722604
2015-03-02,0.09843065917148383
2015-03-03,0.098346941834415
2015-03-04,0.10644608022116278
2015-03-05,0.10221328589019528
2015-03-06,0.09898778687946126
2015-03-09,0.09788822183971911
2015-03-10,0.1030298546070855
2015-03-11,0.10874269829042303
2015-03-12,0.11878510535172022
2015-03-13,0.12258693976068978
2015-03-16,0.11751969808107944
2015-03-17,0.11590589277358737
2015-03-18,0.10867206939123009
2015-03-19,0.11419925539642083
2015-03-20,0.1145845744216052
2015-03-23,0.11757123077098129
2015-03-24,0.11942588990829184
2015-03-25,0.11677653214476538
2015-03-26,0.11610062255588702
2015-03-27,0.10836690960707335
2015-03-30,0.10042122645865628
2015-03-31,0.1102148002210642
2015-04-01,0.09660225280660434
2015-04-02,0.10015455249805018
2015-04-03,0.10026246883557348
2015-04-06,0.10083014647011955
2015-04-07,0.09475720938312725
2015-04-08,0.0870991882857394
2015-04-09,0.08094935076892751
2015-04-10,0.08500718161685765
2015-04-13,0.08827212275569342
2015-04-14,0.09047469119213919
2015-04-15,0.10854696709980768
2015-04-16,0.10718785571771206
2015-04-17,0.10801862744595195
2015-04-20,0.09875763495839847
2015-04-21,0.10724823187513305
2015-04-22,0.10817948473849545
2015-04-23,0.0987355993209374
2015-04-24,0.0989743452883126
2015-04-27,0.09529257446336979
2015-04-28,0.09529257446336979
2015-04-29,0.1067713743151567
2015-04-30,0.08477537391848033
2015-05-01,0.08477537391848033
2015-05-04,0.08477537391848033
2015-05-05,0.08477537391848033
2015-05-06,0.08545957985271854
2015-05-07,0.09404460126292652
2015-05-08,0.08996754700254103
2015-05-11,0.10049732562264313
2015-05-12,0.09609244327481006
2015-05-13,0.09602149844731239
2015-05-14,0.09683889819249436
2015-05-15,0.10480653068972187
2015-05-18,0.0980800737595627
2015-05-19,0.09731392202584133
2015-05-20,0.09983104851994452
2015-05-21,0.09683245103151195
2015-05-22,0.09683536299788965
2015-05-25,0.09788121308243548
2015-05-26,0.09881347947851682
2015-05-27,0.09439142458528316
2015-05-28,0.09521393833983066
2015-05-29,0.09785741552592571
2015-06-01,0.09641352759247056
2015-06-02,0.0974033073113494
2015-06-03,0.10359890786517492
2015-06-04,0.10422474177352
2015-06-05,0.11187085166629905
2015-06-08,0.11247120248506627
2015-06-09,0.11081400604532966
2015-06-10,0.10764341474777214
2015-06-11,0.10603863697141679
2015-06-12,0.10564164506305886
2015-06-15,0.10097378159366606
2015-06-16,0.09163057581798843
2015-06-17,0.09018952599776721
2015-06-18,0.08372945751692616
2015-06-19,0.08668959186906768
2015-06-22,0.09468525854262148
2015-06-23,0.09975447371727769
2015-06-24,0.10228891435176493
2015-06-25,0.09704309018417157
2015-06-26,0.09567680764138395
2015-06-29,0.09202755121809242
2015-06-30,0.0882564047414787
2015-07-01,0.09491445183013218
2015-07-02,0.09409226302162332
2015-07-03,0.09960335078188688
2015-07-06,0.09546334216387102
2015-07-07,0.09958285823218284
2015-07-08,0.10180012663599995
2015-07-09,0.10412999930761914
2015-07-10,0.0940856477247533
2015-07-13,0.10001636167792417
2015-07-14,0.09800475664797414
2015-07-15,0.0849695563715311
2015-07-16,0.07577275876846716
2015-07-17,0.07577275876846716
2015-07-20,0.07548865615481232
2015-07-21,0.08524987531557573
2015-07-22,0.09088498216615831
2015-07-23,0.08875341619550811
2015-07-24,0.0965791034226548
2015-07-27,0.09684963757576262
2015-07-28,0.07692791582558464
2015-07-29,0.07045358687975913
2015-07-30,0.06490428720279429
2015-07-31,0.07845218969722109
2015-08-03,0.08605562176518682
2015-08-04,0.10154919759969812
2015-08-05,0.10437311720893315
2015-08-06,0.1125214716188424
2015-08-07,0.11415988522205767
2015-08-10,0.12054717941459062
2015-08-11,0.1240371987054054
2015-08-12,0.11684424257208387
2015-08-13,0.11982403660724597
2015-08-14,0.11201174616519403
2015-08-17,0.11566056734744598
2015-08-18,0.11694282850087256
2015-08-19,0.11636682417776183
2015-08-20,0.12103502998349062
2015-08-21,0.13214408420670992
2015-08-24,0.12569236522232924
2015-08-25,0.12850932517404504
2015-08-26,0.12302585153310377
2015-08-27,0.12666419463468778
2015-08-28,0.12873361160466762
2015-08-31,0.13476459937799357
2015-09-01,0.13579298324715264
2015-09-02,0.14058369534549142
2015-09-03,0.14189762935945036
2015-09-04,0.15643403682503562
2015-09-07,0.16217387751758744
2015-09-08,0.1636722022223853
2015-09-09,0.16904004492023805
2015-09-10,0.17077823948802445
2015-09-11,0.17575665642633587
2015-09-14,0.1849118666552806
2015-09-15,0.19765025669988515
2015-09-16,0.20344746621872956
2015-09-17,0.2062136421059614
2015-09-18,0.2062136421059614
2015-09-21,0.2062136421059614
2015-09-22,0.2062136421059614
2015-09-23,0.20674225635238985
2015-09-24,0.213737288674641
2015-09-25,0.2098997467355284
2015-09-28,0.21161426108254358
2015-09-29,0.20924705852314504
2015-09-30,0.21162440902518379
2015-10-01,0.20761504364807457
2015-10-02,0.20665937130961543
2015-10-05,0.20925892948521463
2015-10-06,0.2261741667618902
2015-10-07,0.23767424835692605
2015-10-08,0.2449070478062513
2015-10-09,0.2449070478062513
2015-10-12,0.2489976081636708
2015-10-13,0.24845530230493082
2015-10-14,0.24584813508149064
2015-10-15,0.2460459890726444
2015-10-16,0.24491749876746477
2015-10-19,0.23818884437403343
2015-10-20,0.2377220795089829
2015-10-21,0.2515688711685782
2015-10-22,0.2494341340682791
2015-10-23,0.25028528229422375
2015-10-26,0.24403019799493433
2015-10-27,0.23974461685970047
2015-10-28,0.24042902629152538
2015-10-29,0.23889249219584324
2015-10-30,0.24591974222822066
2015-11-02,0.24591974222822066
2015-11-03,0.24183553309508535
2015-11-04,0.24629413939093345
2015-11-05,0.23401963336484655
2015-11-06,0.2421326088031658
2015-11-09,0.23940526726219608
2015-11-10,0.24248092275343464
2015-11-11,0.24538069578089677
2015-11-12,0.245112757610644
2015-11-13,0.2455649214111322
2015-11-16,0.2499657326380934
2015-11-17,0.25213436778934756
2015-11-18,0.2545863730306877
2015-11-19,0.2585779962740548
2015-11-20,0.2585779962740548
2015-11-23,0.25009388897381246
2015-11-24,0.25174519644048454
2015-11-25,0.2547543686536311
2015-11-26,0.24992609419076858
2015-11-27,0.24879286027584105
2015-11-30,0.23712149984096556
2015-12-01,0.2402358172008887
2015-12-02,0.24319260185608854
2015-12-03,0.24919532238797512
2015-12-04,0.2457877734095199
2015-12-07,0.24505601835698484
2015-12-08,0.24593526557820783
2015-12-09,0.24244525700461989
2015-12-10,0.2425866541723102
2015-12-11,0.24152742516745151
2015-12-14,0.24143925960617518
2015-12-15,0.23837126771163325
2015-12-16,0.2366328882302018
2015-12-17,0.23308883045025586
2015-12-18,0.23317245043298937
2015-12-21,0.23154092140144913
2015-12-22,0.23154092140144913
2015-12-23,0.2315264113368977
2015-12-24,0.23190268626625496
2015-12-25,0.23563945180424853
2015-12-28,0.2327712671461164
2015-12-29,0.2224365914955739
2015-12-30,0.2224365914955739
2015-12-31,0.2224365914955739
2016-01-01,0.2324994959895252
2016-01-04,0.23048493796835096
2016-01-05,0.23471097499522892
2016-01-06,0.23415955955145804
2016-01-07,0.23051705238373404
2016-01-08,0.23051705238373404
2016-01-11,0.24892727093641187
2016-01-12,0.25089500498548434
2016-01-13,0.25314591559461086
2016-01-14,0.25211445825759515
2016-01-15,0.2516110535092927
2016-01-18,0.2584508601502408
2016-01-19,0.25568044861616324
2016-01-20,0.26117449794034847
2016-01-21,0.2689493925790649
2016-01-22,0.26851105654522295
2016-01-25,0.2654534359679798
2016-01-26,0.2509846971004099
2016-01-27,0.24156785592119437
2016-01-28,0.2351708190599465
2016-01-29,0.23721232181185992
2016-02-01,0.23890236874092616
2016-02-02,0.22435896843919348
2016-02-03,0.2295700079176123
2016-02-04,0.24274755041265006
2016-02-05,0.24590814753183693
2016-02-08,0.25350811355741953
2016-02-09,0.2720800251937569
2016-02-10,0.2720800251937569
2016-02-11,0.26714094048149784
2016-02-12,0.26699774661112075
2016-02-15,0.2704489293771615
2016-02-16,0.2792465063099184
2016-02-17,0.28932488980138743
2016-02-18,0.2865349880642867
2016-02-19,0.28818918504885127
2016-02-22,0.2898978291349222
2016-02-23,0.28315861069226533
2016-02-24,0.2845323510017822
2016-02-25,0.2797755923129295
2016-02-26,0.2850523215829
2016-02-29,0.2861162961644792
2016-03-01,0.2857336174516191
2016-03-02,0.2851012277668361
2016-03-03,0.2832232341323729
2016-03-04,0.2915406370771505
2016-03-07,0.2967830693645991
2016-03-08,0.29773010794529
2016-03-09,0.30480839859759845
2016-03-10,0.30687102174648195
2016-03-11,0.3016440701126762
2016-03-14,0.307978827092261
2016-03-15,0.30556174425543686
2016-03-16,0.31576594589121704
2016-03-17,0.316889072260807
2016-03-18,0.316889072260807
2016-03-21,0.3194159104364573
2016-03-22,0.3164088572999173
2016-03-23,0.3083615914888708
2016-03-24,0.3128618317638339
2016-03-25,0.30931823942240905
2016-03-28,0.304218227572453
2016-03-29,0.2991391386067548
2016-03-30,0.3047237197222883
2016-03-31,0.29897752041309655
2016-04-01,0.29535283641695426
2016-04-04,0.2981452964225332
2016-04-05,0.29440412408326355
2016-04-06,0.2861301853627566
2016-04-07,0.2886590977055517
2016-04-08,0.29137080780526226
2016-04-11,0.2940363534870609
2016-04-12,0.3007693404679026
2016-04-13,0.296125574044897
2016-04-14,0.28839852506617025
2016-04-15,0.2965065786102753
2016-04-18,0.2974639746832329
2016-04-19,0.3003196970029968
2016-04-20,0.3044709570806599
2016-04-21,0.2959038157832146
2016-04-22,0.2922174336792484
2016-04-25,0.2896904028504378
2016-04-26,0.28964259991849617
2016-04-27,0.2868449022065652
2016-04-28,0.2868449022065652
2016-04-29,0.28763065044976804
2016-05-02,0.28763065044976804
2016-05-03,0.28763065044976804
2016-05-04,0.28763065044976804
2016-05-05,0.29836483949790094
2016-05-06,0.29516425693640447
2016-05-09,0.2961034362010952
2016-05-10,0.30110118779474115
2016-05-11,0.3112460992844923
2016-05-12,0.3053586356236095
2016-05-13,0.2983109939255987
2016-05-16,0.30141520468142874
2016-05-17,0.2820111228327684
2016-05-18,0.2852098303973326
2016-05-19,0.2920649303279908
2016-05-20,0.29669741809649297
2016-05-23,0.2975026403615558
2016-05-24,0.3014111980448219
2016-05-25,0.30878787206877417
2016-05-26,0.304455953325261
2016-05-27,0.3142558431791368
2016-05-30,0.31506505019151587
2016-05-31,0.3203412147413119
2016-06-01,0.31677987354611775
2016-06-02,0.3129540662118042
2016-06-03,0.30516512421857467
2016-06-06,0.3058249484256778
2016-06-07,0.3119778850724512
2016-06-08,0.31620783387971335
2016-06-09,0.31447140224721043
2016-06-10,0.31378656988697456
2016-06-13,0.31343435181416374
2016-06-14,0.31341069609732825
2016-06-15,0.3160247588301897
2016-06-16,0.31380044773305626
2016-06-17,0.31072014992924635
2016-06-20,0.30894330804534564
2016-06-21,0.3167105782453277
2016-06-22,0.3149869688899848
2016-06-23,0.32093627391227686
2016-06-24,0.3246271974752329
2016-06-27,0.315137195334233
2016-06-28,0.30770744487958107
2016-06-29,0.3058617333710277
2016-06-30,0.306915057233108
2016-07-01,0.309135574025509
2016-07-04,0.309938738027251
2016-07-05,0.30955157323112337
2016-07-06,0.3155070476082183
2016-07-07,0.3154268014229811
2016-07-08,0.30748199264915294
2016-07-11,0.29614394960217355
2016-07-12,0.3057911369401917
2016-07-13,0.3031570313038176
2016-07-14,0.3146543388860323
2016-07-15,0.3146543388860323
2016-07-18,0.31525666431115507
2016-07-19,0.3141475950919648
2016-07-20,0.32357419141747606
2016-07-21,0.3181616886382067
2016-07-22,0.3216457383431368
2016-07-25,0.3229113456564485
2016-07-26,0.32900814293153385
2016-07-27,0.32192929595131664
2016-07-28,0.3217914920657087
2016-07-29,0.31381040519878434
2016-08-01,0.3213032780657457
2016-08-02,0.31609829279522156
2016-08-03,0.3180704016500997
2016-08-04,0.33346559126554737
2016-08-05,0.3322456985439508
2016-08-08,0.3250814784985368
2016-08-09,0.31458599287150024
2016-08-10,0.31458599287150024
2016-08-11,0.3133760745848434
2016-08-12,0.3159434891588194
2016-08-15,0.31303852684893874
2016-08-16,0.3116778611243806
2016-08-17,0.31362107848520343
2016-08-18,0.3139354159646226
2016-08-19,0.312767321026788
2016-08-22,0.3154241353143933
2016-08-23,0.31872425871825466
2016-08-24,0.3178696827814149
2016-08-25,0.31924121218822377
2016-08-26,0.3181294790662171
2016-08-29,0.3221091774406448
2016-08-30,0.3221552507912937
2016-08-31,0.330935495019711
2016-09-01,0.3306782741213878
2016-09-02,0.3256424340821877
2016-09-05,0.33045611099803135
2016-09-06,0.3321693690414749
2016-09-07,0.33008323051334953
2016-09-08,0.3324116508401794
2016-09-09,0.3293928353976769
2016-09-12,0.33495031753215704
2016-09-13,0.33931243633293884
2016-09-14,0.33964537983086135
2016-09-15,0.3356939920200025
2016-09-16,0.3356939920200025
2016-09-19,0.32969912828494724
2016-09-20,0.3324009349861435
2016-09-21,0.3324009349861435
2016-09-22,0.3321161390653343
2016-09-23,0.3368429729819291
2016-09-26,0.33880527266132776
2016-09-27,0.33488831031362376
2016-09-28,0.3322470480562649
2016-09-29,0.3353655361580133
2016-09-30,0.3375977311655903
2016-10-03,0.3301528926514156
2016-10-04,0.3372686311414825
2016-10-05,0.3396341183444945
2016-10-06,0.33983777351113026
2016-10-07,0.33983777351113026
2016-10-10,0.33179930322274764
2016-10-11,0.34001945266629874
2016-10-12,0.3450661269197882
2016-10-13,0.3383554310164517
2016-10-14,0.34065502025827316
2016-10-17,0.3381073888013795
2016-10-18,0.34135391200608706
2016-10-19,0.34738928807324143
2016-10-20,0.3470803774795539
2016-10-21,0.34942176151454135
2016-10-24,0.34624835188235553
2016-10-25,0.35076583998329497
2016-10-26,0.34624540121633157
2016-10-27,0.3468870636473543
2016-10-28,0.34318913047685684
2016-10-31,0.34170571134144606
2016-11-01,0.34135779492336027
2016-11-02,0.34135779492336027
2016-11-03,0.3380412881360527
2016-11-04,0.33915440819645104
2016-11-07,0.3434311904881102
2016-11-08,0.3287385086669045
2016-11-09,0.32762926313408003
2016-11-10,0.30631651070780164
2016-11-11,0.3041199978214081
2016-11-14,0.29563691052651786
2016-11-15,0.29396905820028185
2016-11-16,0.2999266646930153
2016-11-17,0.30985764785705805
2016-11-18,0.3043139382624069
2016-11-21,0.3037455366986619
2016-11-22,0.3037455366986619
2016-11-23,0.3121470035430502
2016-11-24,0.3218576661300405
2016-11-25,0.3228010183207975
2016-11-28,0.3224035270913163
2016-11-29,0.31899928203767897
2016-11-30,0.318093098667569
2016-12-01,0.3268972700976815
2016-12-02,0.3285965982738021
2016-12-05,0.3292352864904738
2016-12-06,0.3274154600248242
2016-12-07,0.3198201459669525
2016-12-08,0.32441361336909685
2016-12-09,0.32801742358059016
2016-12-12,0.32920836474451126
2016-12-13,0.325213614178135
2016-12-14,0.332379027186483
2016-12-15,0.33291429366195946
2016-12-16,0.3375334842235907
2016-12-19,0.33692299202211873
2016-12-20,0.3380388398307541
2016-12-21,0.33820806927713815
2016-12-22,0.33820806927713815
2016-12-23,0.3374466589828321
2016-12-26,0.33915530363377044
2016-12-27,0.3353099810681145
2016-12-28,0.3422301927866367
2016-12-29,0.3389634609821848
2016-12-30,0.3389634609821848
2017-01-02,0.3389634609821848
2017-01-03,0.34633943351415125
2017-01-04,0.34909216498108614
2017-01-05,0.3495636416542013
2017-01-06,0.3495636416542013
2017-01-09,0.34877517690182974
2017-01-10,0.3447055567685926
2017-01-11,0.3477070332278845
2017-01-12,0.35124198622395236
2017-01-13,0.3481814670009072
2017-01-16,0.34944319770514964
2017-01-17,0.34985872723722744
2017-01-18,0.3451730195780715
2017-01-19,0.34644775758763674
2017-01-20,0.3449918920544624
2017-01-23,0.34233190544142805
2017-01-24,0.3397027568788925
2017-01-25,0.3424521979763424
2017-01-26,0.34677467331376505
2017-01-27,0.3530635000963664
2017-01-30,0.36018977144172976
2017-01-31,0.35090500281324427
2017-02-01,0.3729397057140542
2017-02-02,0.3753635704533927
2017-02-03,0.37118250215895743
2017-02-06,0.3826989236608641
2017-02-07,0.39350989704562084
2017-02-08,0.3910166203613753
2017-02-09,0.3868634753002257
2017-02-10,0.3798322760451642
2017-02-13,0.38413381219454956
2017-02-14,0.38164949528611664
2017-02-15,0.38547968021456835
2017-02-16,0.3806827460187213
2017-02-17,0.3799083567254217
2017-02-20,0.3777093985599808
2017-02-21,0.37529318490096863
2017-02-22,0.37131510177460236
2017-02-23,0.3714439444101322
2017-02-24,0.36992562801350437
2017-02-27,0.3688634621730602
2017-02-28,0.367522749362316
2017-03-01,0.37231805483664077
2017-03-02,0.36850817986883544
2017-03-03,0.3711522315674911
2017-03-06,0.37105371880308324
2017-03-07,0.3742135679794333
2017-03-08,0.3768320182692404
2017-03-09,0.3709058621292518
2017-03-10,0.37182387811827117
2017-03-13,0.36715958765909773
2017-03-14,0.36673388238661087
2017-03-15,0.366531197869799
2017-03-16,0.36307295544219886
2017-03-17,0.36307295544219886
2017-03-20,0.36043236186057137
2017-03-21,0.35925993055883515
2017-03-22,0.3599972693621183
2017-03-23,0.3601279566955679
2017-03-24,0.35704077220045777
2017-03-27,0.35636023044654386
2017-03-28,0.3572737501317137
2017-03-29,0.35339233593594543
2017-03-30,0.35632664436217104
2017-03-31,0.3594104490083092
2017-04-03,0.35726846461131523
2017-04-04,0.3588710601087923
2017-04-05,0.35893013181540406
2017-04-06,0.3605261551752211
2017-04-07,0.357773011044869
2017-04-10,0.3641797016226208
2017-04-11,0.36594580391224385
2017-04-12,0.3682403154280383
2017-04-13,0.36353560649235417
2017-04-14,0.3675262933286154
2017-04-17,0.3634905870363117
2017-04-18,0.36587362589150607
2017-04-19,0.36302678006720956
2017-04-20,0.36075377214356436
2017-04-21,0.3617975713139243
2017-04-24,0.3639724256502452
2017-04-25,0.3669784341656414
2017-04-26,0.3684208913541277
2017-04-27,0.36724667309
2017-04-28,0.36236789298325206
2017-05-01,0.3616132675797495
2017-05-02,0.3616132675797495
2017-05-03,0.3616132675797495
2017-05-04,0.3616132675797495
2017-05-05,0.35262799287673774
2017-05-08,0.3477730789823592
2017-05-09,0.34700548690039146
2017-05-10,0.33931317567559327
2017-05-11,0.3334860171637003
2017-05-12,0.32157991261597685
2017-05-15,0.31651893789487057
2017-05-16,0.3112405686461979
2017-05-17,0.3091141433734316
2017-05-18,0.3138069375285228
2017-05-19,0.31819555638801145
2017-05-22,0.31837964083403464
2017-05-23,0.3257375751126751
2017-05-24,0.315034755195301
2017-05-25,0.3127536607274199
2017-05-26,0.3164284327515069
2017-05-29,0.31596338358586845
2017-05-30,0.31628428802775804
2017-05-31,0.31409622903927487
2017-06-01,0.3106734798344631
2017-06-02,0.30555444327600556
2017-06-05,0.3054688508722483
2017-06-06,0.3062047794473678
2017-06-07,0.30439892181580147
2017-06-08,0.2996412843191908
2017-06-09,0.2985072628736254
2017-06-12,0.29116136771082407
2017-06-13,0.298355790553185
2017-06-14,0.2955791079052901
2017-06-15,0.30060064343026816
2017-06-16,0.29965971378254286
2017-06-19,0.2998635198641728
2017-06-20,0.3064426419550659
2017-06-21,0.30914147481872756
2017-06-22,0.3055212048174572
2017-06-23,0.30827294429460417
2017-06-26,0.31079091924401375
2017-06-27,0.3079480388411712
2017-06-28,0.30539265717431785
2017-06-29,0.3077844030984266
2017-06-30,0.30877185203150875
2017-07-03,0.30793392110298157
2017-07-04,0.3081573330821797
2017-07-05,0.3029762068684015
2017-07-06,0.30414682895607403
2017-07-07,0.2996014225865942
2017-07-10,0.2975474109413832
2017-07-11,0.29477255614002645
2017-07-12,0.2887266419619262
2017-07-13,0.29618095991889587
2017-07-14,0.29618095991889587
2017-07-17,0.29670863854800317
2017-07-18,0.29192284393185064
2017-07-19,0.2901061562577775
2017-07-20,0.29719689357670304
2017-07-21,0.29593230780396906
2017-07-24,0.3025397952342255
2017-07-25,0.3010741017678809
2017-07-26,0.3020166706969911
2017-07-27,0.3171333761286332
2017-07-28,0.31545256408347416
2017-07-31,0.31322223316028913
2017-08-01,0.323147207465832
2017-08-02,0.31933480998390923
2017-08-03,0.32103422347763
2017-08-04,0.32515528667301236
2017-08-07,0.3262776180430722
2017-08-08,0.32609338528112086
2017-08-09,0.32599432217023966
2017-08-10,0.32599432217023966
2017-08-11,0.32646493793245024
2017-08-14,0.33131834857073045
2017-08-15,0.3317145639209159
2017-08-16,0.3341676332084678
2017-08-17,0.3345439456488566
2017-08-18,0.33719682035407156
2017-08-21,0.3383118769123243
2017-08-22,0.3397644195617938
2017-08-23,0.340205357566523
2017-08-24,0.3471012987171533
2017-08-25,0.34637915651938106
2017-08-28,0.350479449868218
2017-08-29,0.35212368890530577
2017-08-30,0.3472464210251314
2017-08-31,0.3540277854300873
2017-09-01,0.3508841648873353
2017-09-04,0.3579269084737404
2017-09-05,0.36086518825409375
2017-09-06,0.36728283614451734
2017-09-07,0.3618477774880439
2017-09-08,0.3571181468195356
2017-09-11,0.36272436615613546
2017-09-12,0.3599957853179817
2017-09-13,0.36145788458037537
2017-09-14,0.35827683246480757
2017-09-15,0.35827683246480757
2017-09-18,0.35394613668794345
2017-09-19,0.35862981113250797
2017-09-20,0.361642177484233
2017-09-21,0.3634222248698355
2017-09-22,0.3584924233508334
2017-09-25,0.3599499248136271
2017-09-26,0.3597245525876769
2017-09-27,0.36396754682090043
2017-09-28,0.367603156408898
2017-09-29,0.37240143391530395
2017-10-02,0.3768648539535238
2017-10-03,0.38571452703861364
2017-10-04,0.38137652201148564
2017-10-05,0.38644045797040644
2017-10-06,0.38644045797040644
2017-10-09,0.37698066732050145
2017-10-10,0.3865386771612381
2017-10-11,0.38425625450405765
2017-10-12,0.3809390100187386
2017-10-13,0.3830708823912883
2017-10-16,0.37656350883142603
2017-10-17,0.37890964278893824
2017-10-18,0.37909340679011877
2017-10-19,0.3771680805559111
2017-10-20,0.37501042537957435
2017-10-23,0.3780710218225365
2017-10-24,0.3797150055533779
2017-10-25,0.38122335097302856
2017-10-26,0.38915963575464046
2017-10-27,0.387784805305039
2017-10-30,0.38250858142778404
2017-10-31,0.36581938731616565
2017-11-01,0.3627907240667513
2017-11-02,0.3627907240667513
2017-11-03,0.3639727638292802
2017-11-06,0.3663921022706723
2017-11-07,0.3726676258322946
2017-11-08,0.38053927995907033
2017-11-09,0.38226605460111773
2017-11-10,0.3823630600305122
2017-11-13,0.3826766052535674
2017-11-14,0.3826877973931833
2017-11-15,0.3827023818334284
2017-11-16,0.38364491231251313
2017-11-17,0.38780733434318776
2017-11-20,0.38428906112158695
2017-11-21,0.38099132318190576
2017-11-22,0.38099132318190576
2017-11-23,0.3830340229449796
2017-11-24,0.3830859822238071
2017-11-27,0.3816717223424094
2017-11-28,0.3852026397594255
2017-11-29,0.3896317901517781
2017-11-30,0.3791348997825748
2017-12-01,0.383755432076683
2017-12-04,0.3959768295323806
2017-12-05,0.397943647308801
2017-12-06,0.39202651460352245
2017-12-07,0.39348855545349287
2017-12-08,0.39037461556865255
2017-12-11,0.3952909518186763
2017-12-12,0.3896418089845193
2017-12-13,0.3904259923047062
2017-12-14,0.3931931337264517
2017-12-15,0.39448668581245705
2017-12-18,0.39065446191946107
2017-12-19,0.39207679447328936
2017-12-20,0.39328905004969206
2017-12-21,0.3894946336114321
2017-12-22,0.39186522389314704
2017-12-25,0.38836647814647957
2017-12-26,0.3872550861241805
2017-12-27,0.388363812954804
2017-12-28,0.3884061017784762
2017-12-29,0.3884061017784762
2018-01-01,0.3884061017784762
2018-01-02,0.3884061017784762
2018-01-03,0.39600964805126465
2018-01-04,0.4015844185995546
2018-01-05,0.4015844185995546
2018-01-08,0.39903272718172955
2018-01-09,0.3950795035707431
2018-01-10,0.39676083713396276
2018-01-11,0.3954106900275067
2018-01-12,0.3926844547306471
2018-01-15,0.38119385664315186
2018-01-16,0.37229647981480685
2018-01-17,0.3721327895677335
2018-01-18,0.36915950124130414
2018-01-19,0.3721465934829538
2018-01-22,0.3733792979432322
2018-01-23,0.3836201138552584
2018-01-24,0.38413193785954
2018-01-25,0.3775081191557219
2018-01-26,0.3775065051453674
2018-01-29,0.3788225895055316
2018-01-30,0.38911543471901266
2018-01-31,0.41477785375835774
2018-02-01,0.4024103510685489
2018-02-02,0.38873672141647925
2018-02-05,0.39362135313521024
2018-02-06,0.3890164325557624
2018-02-07,0.3861705403520937
2018-02-08,0.40019315834829333
2018-02-09,0.40019315834829333
2018-02-12,0.3966382014773218
2018-02-13,0.3984912549222823
2018-02-14,0.39451190290797017
2018-02-15,0.3895172904520983
2018-02-16,0.38801744958519896
2018-02-19,0.38757954197294997
2018-02-20,0.3767588892970772
2018-02-21,0.37331072103192625
2018-02-22,0.3756025633543729
2018-02-23,0.3722429970509371
2018-02-26,0.36678423527999077
2018-02-27,0.35785334314614603
2018-02-28,0.36159938550130477
2018-03-01,0.36773863366840226
2018-03-02,0.36953119976496235
2018-03-05,0.3619024188441622
2018-03-06,0.3640872982097327
2018-03-07,0.365690905419192
2018-03-08,0.37222202958232875
2018-03-09,0.36499132954144775
2018-03-12,0.37141557086451643
2018-03-13,0.3650606348812026
2018-03-14,0.3627705762805245
2018-03-15,0.36935934390470354
2018-03-16,0.3656118901941557
2018-03-19,0.36610060730949034
2018-03-20,0.36610060730949034
2018-03-21,0.36685410858077083
2018-03-22,0.36722148391771675
2018-03-23,0.37034207359399357
2018-03-26,0.37236558017316856
2018-03-27,0.3642219602202459
2018-03-28,0.363585771718629
2018-03-29,0.36829775377846613
2018-03-30,0.3604401783613624
2018-04-02,0.35962387288522657
2018-04-03,0.35907312308221695
2018-04-04,0.3672511914888205
2018-04-05,0.3695094613810942
2018-04-06,0.37494152811646697
2018-04-09,0.37158835358900716
2018-04-10,0.36783335757214886
2018-04-11,0.36796551259061855
2018-04-12,0.374102425488674
2018-04-13,0.37624143296861445
2018-04-16,0.3747498403121807
2018-04-17,0.38506328770717724
2018-04-18,0.3980604673506468
2018-04-19,0.39341104613346844
2018-04-20,0.3964299422633898
2018-04-23,0.39601504252551323
2018-04-24,0.38714014833713817
2018-04-25,0.38688486922571125
2018-04-26,0.3896654143471747
2018-04-27,0.3896654143471747
2018-04-30,0.38930280379335
2018-05-01,0.40933186358682216
2018-05-02,0.40933186358682216
2018-05-03,0.40933186358682216
2018-05-04,0.4115629030622188
2018-05-07,0.4161869349915353
2018-05-08,0.42255573417459713
2018-05-09,0.44029723708317625
2018-05-10,0.4373967162059083
2018-05-11,0.4266321657591487
2018-05-14,0.4413643815290701
2018-05-15,0.4452035004268116
2018-05-16,0.45030723496318054
2018-05-17,0.4515554944516284
2018-05-18,0.45564273756948104
2018-05-21,0.463122794542491
2018-05-22,0.4623461052253573
2018-05-23,0.47509361724394594
2018-05-24,0.47503639533013237
2018-05-25,0.4774467882484189
2018-05-28,0.47287457595475074
2018-05-29,0.4710163599417448
2018-05-30,0.4696070133061083
2018-05-31,0.47479376683168606
2018-06-01,0.47926103056363634
2018-06-04,0.4897821526721744
2018-06-05,0.48628698569488776
2018-06-06,0.4837546849339349
2018-06-07,0.48823720558861117
2018-06-08,0.4812256574449635
2018-06-11,0.48041168867568584
2018-06-12,0.479527608510147
2018-06-13,0.48575349982045946
2018-06-14,0.4861869260137787
2018-06-15,0.4875839378049143
2018-06-18,0.48246205153098504
2018-06-19,0.477865173590027
2018-06-20,0.46896344750285607
2018-06-21,0.4723966441160051
2018-06-22,0.4723063772505216
2018-06-25,0.46878549620878596
2018-06-26,0.47511155666298244
2018-06-27,0.47962362575744055
2018-06-28,0.48316195360635994
2018-06-29,0.4845840396351679
2018-07-02,0.4862271914902451
2018-07-03,0.48528701224883347
2018-07-04,0.48245371838106377
2018-07-05,0.485988492628802
2018-07-06,0.48761366915960946
2018-07-09,0.4881434519373507
2018-07-10,0.48752958290668424
2018-07-11,0.4903903023476833
2018-07-12,0.49176391739955316
2018-07-13,0.49176391739955316
2018-07-16,0.4865437947476487
2018-07-17,0.4887057178252815
2018-07-18,0.4859902765810397
2018-07-19,0.4836614295589117
2018-07-20,0.4762761119696641
2018-07-23,0.4770642277484515
2018-07-24,0.48501143805835467
2018-07-25,0.48592837054249705
2018-07-26,0.48790408299847826
2018-07-27,0.484898559257056
2018-07-30,0.4908094556943811
2018-07-31,0.5024901865892774
2018-08-01,0.5021762032406368
2018-08-02,0.5090674421331329
2018-08-03,0.5200008428066036
2018-08-06,0.5217456766228857
2018-08-07,0.5307653677257624
2018-08-08,0.5239737412386356
2018-08-09,0.524769129226992
2018-08-10,0.5311303971780462
2018-08-13,0.5298873257769363
2018-08-14,0.5209980909128884
2018-08-15,0.5216335821058105
2018-08-16,0.5237284358692067
2018-08-17,0.5244720419511645
2018-08-20,0.5205585948716693
2018-08-21,0.5251132315433122
2018-08-22,0.5251830139524494
2018-08-23,0.5219729692584814
2018-08-24,0.5251698538168653
2018-08-27,0.523338959273995
2018-08-28,0.5234411570780061
2018-08-29,0.5231790842689753
2018-08-30,0.5167502792111625
2018-08-31,0.5144417354735761
2018-09-03,0.5119350453300832
2018-09-04,0.5075427577089113
2018-09-05,0.5066787831919816
2018-09-06,0.5040408969569559
2018-09-07,0.49792656347570025
2018-09-10,0.4926275758510881
2018-09-11,0.4907274942799524
2018-09-12,0.4928884477431583
2018-09-13,0.4931969393391174
2018-09-14,0.4931969393391174
2018-09-17,0.4860419033425915
2018-09-18,0.4876637856441459
2018-09-19,0.48193672691508344
2018-09-20,0.4809524536506674
2018-09-21,0.4809524536506674
2018-09-24,0.4833348920415864
2018-09-25,0.48361412165204687
2018-09-26,0.47519558498753534
2018-09-27,0.48233427012425717
2018-09-28,0.4795004771724863
2018-10-01,0.48516868037849575
2018-10-02,0.4794867711117317
2018-10-03,0.47681360115813864
2018-10-04,0.47229386494134024
2018-10-05,0.47229386494134024
2018-10-08,0.46377409084704124
2018-10-09,0.47197868866567544
2018-10-10,0.4822476408786834
2018-10-11,0.4785966491787158
2018-10-12,0.48635413630776364
2018-10-15,0.4882025656519536
2018-10-16,0.4910702390748319
2018-10-17,0.48384287653926394
2018-10-18,0.4857785572500611
2018-10-19,0.48664601967493
2018-10-22,0.4815060206122594
2018-10-23,0.4786831510877768
2018-10-24,0.4728485784803719
2018-10-25,0.4682090036524519
2018-10-26,0.47104814804806916
2018-10-29,0.48279531971547013
2018-10-30,0.4888093773627861
2018-10-31,0.4706359724243126
2018-11-01,0.483158878453818
2018-11-02,0.4999332474186281
2018-11-05,0.5152884743298399
2018-11-06,0.5056051206121005
2018-11-07,0.5145649075624047
2018-11-08,0.5051271237299957
2018-11-09,0.507756026235337
2018-11-12,0.5032405679673354
2018-11-13,0.5044335190438881
2018-11-14,0.5027824143094499
2018-11-15,0.5003177901292584
2018-11-16,0.5062344572446057
2018-11-19,0.5084409585758923
2018-11-20,0.5057975387594672
2018-11-21,0.49814285248411055
2018-11-22,0.49814285248411055
2018-11-23,0.5019628664851871
2018-11-26,0.510790368180029
2018-11-27,0.514770154135352
2018-11-28,0.5249921371386794
2018-11-29,0.5246079228830964
2018-11-30,0.5279545328001329
2018-12-03,0.5216643414326784
2018-12-04,0.5094955118707793
2018-12-05,0.503953280765247
2018-12-06,0.4973782167911869
2018-12-07,0.5020245402870515
2018-12-10,0.5080218318420697
2018-12-11,0.5007336699640962
2018-12-12,0.5000454896649289
2018-12-13,0.5021102429483463
2018-12-14,0.49925124463444803
2018-12-17,0.49980882958423495
2018-12-18,0.49701004682432487
2018-12-19,0.4967635127446856
2018-12-20,0.5053312361272381
2018-12-21,0.5053312361272381
2018-12-24,0.49675105605302394
2018-12-25,0.5038648245251697
2018-12-26,0.49963041916779677
2018-12-27,0.5026587063591044
2018-12-28,0.5026587063591044
2018-12-31,0.5026587063591044
2019-01-01,0.5026587063591044
2019-01-02,0.5026587063591044
2019-01-03,0.5063632642537061
2019-01-04,0.5021551248505312
2019-01-07,0.5090091126992364
2019-01-08,0.514938412341832
2019-01-09,0.5178526002604275
2019-01-10,0.5216237829818198
2019-01-11,0.5216237829818198
2019-01-14,0.5288157078161078
2019-01-15,0.5309948721891657
2019-01-16,0.5279530905949946
2019-01-17,0.5251807288440894
2019-01-18,0.5261987548735562
2019-01-21,0.5270903246866534
2019-01-22,0.5274449115211881
2019-01-23,0.5344489223771117
2019-01-24,0.5418542422642416
2019-01-25,0.5456420682087897
2019-01-28,0.542914757530108
2019-01-29,0.5530204982476286
2019-01-30,0.5510723934399878
2019-01-31,0.552869720877872
2019-02-01,0.5678781109923776
2019-02-04,0.5605700810276567
2019-02-05,0.5722101315772559
2019-02-06,0.5850441008434519
2019-02-07,0.5792256766786347
2019-02-08,0.5792256766786347
2019-02-11,0.583836391425879
2019-02-12,0.5861654365908929
2019-02-13,0.5920754220223289
2019-02-14,0.590404864068994
2019-02-15,0.5880211601543501
2019-02-18,0.5973727595422874
2019-02-19,0.5935754530236069
2019-02-20,0.5993335932880911
2019-02-21,0.6058593461208346
2019-02-22,0.608391961235174
2019-02-25,0.6084815510636696
2019-02-26,0.605879002937183
2019-02-27,0.6105522258203856
2019-02-28,0.6128960217615341
2019-03-01,0.627803006426174
2019-03-04,0.6210316592181061
2019-03-05,0.6225427863479137
2019-03-06,0.6263412250517089
2019-03-07,0.6247029108511408
2019-03-08,0.6303456116097106
2019-03-11,0.624470166086761
2019-03-12,0.6219925867058916
2019-03-13,0.6196961692577987
2019-03-14,0.6183500238607158
2019-03-15,0.6158300554812047
2019-03-18,0.6168880548285234
2019-03-19,0.6192487012346086
2019-03-20,0.6192487012346086
2019-03-21,0.6130178790792856
2019-03-22,0.6092747623735943
2019-03-25,0.6087925103091067
2019-03-26,0.6159906689568473
2019-03-27,0.6181674436253007
2019-03-28,0.6198823028824941
2019-03-29,0.6216176822456194
2019-04-01,0.6220348770326841
2019-04-02,0.6160873134986531
2019-04-03,0.6167978194246683
2019-04-04,0.6185356933732383
2019-04-05,0.6108376956549939
2019-04-08,0.611603804238584
2019-04-09,0.6110481219576754
2019-04-10,0.6050623098033456
2019-04-11,0.6001073633832053
2019-04-12,0.602819175658384
2019-04-15,0.5978001881228838
2019-04-16,0.6014193110177908
2019-04-17,0.6087910531251317
2019-04-18,0.6109733117411301
2019-04-19,0.6132383590283749
2019-04-22,0.6151909314478462
2019-04-23,0.6140587200499528
2019-04-24,0.6183776570510374
2019-04-25,0.6197028933612507
2019-04-26,0.6197028933612507
2019-04-29,0.6197028933612507
2019-04-30,0.6197028933612507
2019-05-01,0.6197028933612507
2019-05-02,0.6197028933612507
2019-05-03,0.6197028933612507
2019-05-06,0.6076721320048004
2019-05-07,0.6065105562438644
2019-05-08,0.5990737381406573
2019-05-09,0.6019072140576213
2019-05-10,0.6207503804532595
2019-05-13,0.6249535115405496
2019-05-14,0.6223601875105685
2019-05-15,0.623950701191172
2019-05-16,0.6211031682713224
2019-05-17,0.625526786677541
2019-05-20,0.6289002110182997
2019-05-21,0.6259028106810142
2019-05-22,0.6210286242981031
2019-05-23,0.6284813572462604
2019-05-24,0.6260181891899449
2019-05-27,0.6242939411128244
2019-05-28,0.6217769059393752
2019-05-29,0.6308967759699389
2019-05-30,0.6253658937663203
2019-05-31,0.6234154272427688
2019-06-03,0.6221106294988091
2019-06-04,0.6205660114532036
2019-06-05,0.6225123688646801
2019-06-06,0.6225660320098881
2019-06-07,0.6301222316695289
2019-06-10,0.6273894413940491
2019-06-11,0.6264974095071069
2019-06-12,0.6293947178225342
2019-06-13,0.6257862289033452
2019-06-14,0.6275775215606146
2019-06-17,0.6313628396769373
2019-06-18,0.6266052501863002
2019-06-19,0.6293434387360846
2019-06-20,0.635993676739746
2019-06-21,0.6365575298695879
2019-06-24,0.6325896701235969
2019-06-25,0.6308427319097646
2019-06-26,0.6333035571380536
2019-06-27,0.634966934221024
2019-06-28,0.6380617891592152
2019-07-01,0.6403515504505737
2019-07-02,0.6417865524059068
2019-07-03,0.6438943523843246
2019-07-04,0.647352032624864
2019-07-05,0.6414043970616322
2019-07-08,0.6347227360604704
2019-07-09,0.6378758715521016
2019-07-10,0.6546334424726644
2019-07-11,0.6535750471654179
2019-07-12,0.6535750471654179
2019-07-15,0.6582321540028265
2019-07-16,0.6512548596004686
2019-07-17,0.652709609810439
2019-07-18,0.6579156914961781
2019-07-19,0.6653253868318549
2019-07-22,0.6627859379627938
2019-07-23,0.6661967925980451
2019-07-24,0.660510573048088
2019-07-25,0.6747911721742008
2019-07-26,0.6825204501738982
2019-07-29,0.6732500556372645
2019-07-30,0.6758751179699872
2019-07-31,0.6741358797192093
2019-08-01,0.6683430684127462
2019-08-02,0.6742553060748194
2019-08-05,0.6814785792371814
2019-08-06,0.6794091931047407
2019-08-07,0.68980458759391
2019-08-08,0.6890229562466879
2019-08-09,0.6890229562466879
2019-08-12,0.6820865940807557
2019-08-13,0.6785434156156404
2019-08-14,0.6685735671347517
2019-08-15,0.664229543408254
2019-08-16,0.6626484931106439
2019-08-19,0.6624114267932151
2019-08-20,0.6575004075978692
2019-08-21,0.6620671382742498
2019-08-22,0.657036122771669
2019-08-23,0.6587694187200759
2019-08-26,0.657812455572865
2019-08-27,0.653486581144426
2019-08-28,0.6562604671035361
2019-08-29,0.6528605980040523
2019-08-30,0.6490935039782995
2019-09-02,0.6516840170380014
2019-09-03,0.6444254779216783
2019-09-04,0.64647280190615
2019-09-05,0.6560542567782225
2019-09-06,0.6513267442439458
2019-09-09,0.6560741410716431
2019-09-10,0.6648309088782508
2019-09-11,0.6629036155017535
2019-09-12,0.665709173773747
2019-09-13,0.665709173773747
2019-09-16,0.6547129438273777
2019-09-17,0.648422522259848
2019-09-18,0.6484499047245815
2019-09-19,0.6559582561308588
2019-09-20,0.6559582561308588
2019-09-23,0.6552845814690746
2019-09-24,0.6440581770389125
2019-09-25,0.648270645755794
2019-09-26,0.6510062348653889
2019-09-27,0.6462901926994924
2019-09-30,0.6516740356164649
2019-10-01,0.6446007203453913
2019-10-02,0.6378413331033641
2019-10-03,0.6377641568889008
2019-10-04,0.6380258971296101
2019-10-07,0.637806175792305
2019-10-08,0.6367805697843336
2019-10-09,0.6436940070133211
2019-10-10,0.6495466794604612
2019-10-11,0.6495466794604612
2019-10-14,0.6500847787840887
2019-10-15,0.6497271479085193
2019-10-16,0.6531732905728123
2019-10-17,0.6442437960139056
2019-10-18,0.6463272555165595
2019-10-21,0.6463272555165595
2019-10-22,0.641501442619864
2019-10-23,0.643248491931811
2019-10-24,0.6418928488342998
2019-10-25,0.6419226799307695
2019-10-28,0.6463148891884147
2019-10-29,0.6409844199643393
2019-10-30,0.6328727146631706
2019-10-31,0.6437387801743464
2019-11-01,0.6437387801743464
2019-11-04,0.6573422718660382
2019-11-05,0.6485566095289613
2019-11-06,0.6450404887993582
2019-11-07,0.6570790811996802
2019-11-08,0.6632390198409593
2019-11-11,0.6577760293440094
2019-11-12,0.6726105374840301
2019-11-13,0.6745414288346484
2019-11-14,0.6711861183829113
2019-11-15,0.6678503972647154
2019-11-18,0.6707744863321948
2019-11-19,0.6693098063257955
2019-11-20,0.6705576003871466
2019-11-21,0.6644114040833946
2019-11-22,0.67061904222325
2019-11-25,0.6653448692427766
2019-11-26,0.6637651898851005
2019-11-27,0.6684817996597998
2019-11-28,0.6715674992813172
2019-11-29,0.664754579910011
2019-12-02,0.6629199910977346
2019-12-03,0.6633551337473421
2019-12-04,0.6600054443557193
2019-12-05,0.6622129628898215
2019-12-06,0.6663576965260303
2019-12-09,0.6556254492781952
2019-12-10,0.660907108379112
2019-12-11,0.6648790741165401
2019-12-12,0.662555483951202
2019-12-13,0.6678656452949904
2019-12-16,0.6718272018690977
2019-12-17,0.6768795076177945
2019-12-18,0.6882136619349253
2019-12-19,0.6821304211543711
2019-12-20,0.6836840721171301
2019-12-23,0.6752805581495123
2019-12-24,0.6740653146129999
2019-12-25,0.6700240602001631
2019-12-26,0.6728271427512668
2019-12-27,0.6790336523076221
2019-12-30,0.6790336523076221
2019-12-31,0.6790336523076221
2020-01-01,0.6790336523076221
2020-01-02,0.6790336523076221
2020-01-03,0.6789528642530293
2020-01-06,0.6878626080785204
2020-01-07,0.6833833490548921
2020-01-08,0.6845230912574385
2020-01-09,0.6914700779601293
2020-01-10,0.6914700779601293
2020-01-13,0.6880358442476343
2020-01-14,0.6937785516654982
2020-01-15,0.6960890914909308
2020-01-16,0.6983503984608954
2020-01-17,0.6983533793598531
2020-01-20,0.6938063938090407
2020-01-21,0.688446297343048
2020-01-22,0.6881012132019121
2020-01-23,0.6783030691727285
2020-01-24,0.6726077285065396
2020-01-27,0.6706629831548547
2020-01-28,0.6753432741430283
2020-01-29,0.6769382136600197
2020-01-30,0.6512793737820755
2020-01-31,0.6409593542935829
2020-02-03,0.6288785403283847
2020-02-04,0.6403012379864095
2020-02-05,0.660782650353124
2020-02-06,0.638763225423792
2020-02-07,0.6449260424707443
2020-02-10,0.6449260424707443
2020-02-11,0.6490680698634147
2020-02-12,0.6609204621118543
2020-02-13,0.6639090763950795
2020-02-14,0.6635792086362462
2020-02-17,0.6627480063640571
2020-02-18,0.6616617787282748
2020-02-19,0.6633813624099023
2020-02-20,0.6665399749180364
2020-02-21,0.6665399749180364
2020-02-24,0.6703201003641166
2020-02-25,0.6761577056279546
2020-02-26,0.6792455296723788
2020-02-27,0.6817274220572431
2020-02-28,0.6899121460765947
2020-03-02,0.6983918312725174
2020-03-03,0.7035952176006763
2020-03-04,0.7121328351137854
2020-03-05,0.7044272213496211
2020-03-06,0.7049901178107109
2020-03-09,0.7054104306354715
2020-03-10,0.7059868972085295
2020-03-11,0.706391052493265
2020-03-12,0.6960019280544216
2020-03-13,0.6851443554706239
2020-03-16,0.6634004149319548
2020-03-17,0.6425097027552313
2020-03-18,0.6050595316049326
2020-03-19,0.6050595316049326
2020-03-20,0.6454600326995601
2020-03-23,0.6804278946076383
2020-03-24,0.6914689916364214
2020-03-25,0.6900807517318034
2020-03-26,0.6834741955435097
2020-03-27,0.6810932036069743
2020-03-30,0.6843133732150394
2020-03-31,0.6806911796630851
2020-04-01,0.6799605712756397
2020-04-02,0.6585121047277058
2020-04-03,0.6615486779158486
2020-04-06,0.679468365798634
2020-04-07,0.6810367495586634
2020-04-08,0.7070726326522222
2020-04-09,0.7126791018347071
2020-04-10,0.7000905313317377
2020-04-13,0.7048883078411242
2020-04-14,0.6937091252601589
2020-04-15,0.6971009264531942
2020-04-16,0.7145108485172905
2020-04-17,0.7205609739374719
2020-04-20,0.7120994273731809
2020-04-21,0.7088405851053441
2020-04-22,0.7148732513627145
2020-04-23,0.7093876630664153
2020-04-24,0.70638922509126
2020-04-27,0.6979210831288292
2020-04-28,0.6979210831288292
2020-04-29,0.7156988290772882
2020-04-30,0.712662417971467
2020-05-01,0.712662417971467
2020-05-04,0.712662417971467
2020-05-05,0.712662417971467
2020-05-06,0.6948950001384028
2020-05-07,0.7113990100617849
2020-05-08,0.726964402661537
2020-05-11,0.7201613843333756
2020-05-12,0.7217260582041659
2020-05-13,0.7204952282116479
2020-05-14,0.7193425531681995
2020-05-15,0.720114541575418
2020-05-18,0.7192536640747772
2020-05-19,0.7149275180841151
2020-05-20,0.7208640035841566
2020-05-21,0.71710589044381
2020-05-22,0.7209738600165279
2020-05-25,0.7260816419284384
2020-05-26,0.7107718960977581
2020-05-27,0.7169149897662311
2020-05-28,0.7046190222804213
2020-05-29,0.7014178686465535
2020-06-01,0.7067019462798833
2020-06-02,0.7145768274144912
2020-06-03,0.7102842121736608
2020-06-04,0.7188851783155419
2020-06-05,0.7305974191907006
2020-06-08,0.732823912292698
2020-06-09,0.7250720138998743
2020-06-10,0.7210771435548896
2020-06-11,0.7143154251333802
2020-06-12,0.7037098225905589
2020-06-15,0.7057524491108464
2020-06-16,0.7047615303474792
2020-06-17,0.7015482036542753
2020-06-18,0.7019460670356957
2020-06-19,0.6989339402468842
2020-06-22,0.706342284661329
2020-06-23,0.70806847707194
2020-06-24,0.7000803008754133
2020-06-25,0.7007951271982018
2020-06-26,0.6921308397374925
2020-06-29,0.6927015163654189
2020-06-30,0.6910856205555285
2020-07-01,0.6909957368808395
2020-07-02,0.6869060050357119
2020-07-03,0.6930401332589942
2020-07-06,0.6981312191158854
2020-07-07,0.6969995798731684
2020-07-08,0.6979032789669133
2020-07-09,0.6892485896151586
2020-07-10,0.6993924268801708
2020-07-13,0.7073447085758658
2020-07-14,0.7027221179454297
2020-07-15,0.7166226140350075
2020-07-16,0.7117965137224413
2020-07-17,0.7019285675695897
2020-07-20,0.7013510033172641
2020-07-21,0.7005722702946486
2020-07-22,0.7005722702946486
2020-07-23,0.7005722702946486
2020-07-24,0.7040901489160722
2020-07-27,0.7002547966879545
2020-07-28,0.7080536643533383
2020-07-29,0.7059502713805359
2020-07-30,0.7088736535823011
2020-07-31,0.7197316247946941
2020-08-03,0.7280098007443818
2020-08-04,0.7226814888580135
2020-08-05,0.7275059079350139
2020-08-06,0.7410417081203052
2020-08-07,0.7410417081203052
2020-08-10,0.7471692609109766
2020-08-11,0.7474961670628392
2020-08-12,0.7515249602511911
2020-08-13,0.7410081383086834
2020-08-14,0.7467967446037193
2020-08-17,0.7431049091403246
2020-08-18,0.7474809508975879
2020-08-19,0.7495775156227731
2020-08-20,0.7450585974105457
2020-08-21,0.737982709936848
2020-08-24,0.7426992201419099
2020-08-25,0.7437769949111268
2020-08-26,0.7335494306666149
2020-08-27,0.7400343254922779
2020-08-28,0.742176910681244
2020-08-31,0.7401356493873869
2020-09-01,0.7375851720998851
2020-09-02,0.7380253990667666
2020-09-03,0.7351455760857909
2020-09-04,0.7524871629265476
2020-09-07,0.7623916167833453
2020-09-08,0.7587157600080725
2020-09-09,0.7693443838971972
2020-09-10,0.7767508147061741
2020-09-11,0.7795021489271408
2020-09-14,0.7770474674169239
2020-09-15,0.7732554931675271
2020-09-16,0.7690298227246974
2020-09-17,0.7812735189515698
2020-09-18,0.7812735189515698
2020-09-21,0.7812735189515698
2020-09-22,0.7844609456165427
2020-09-23,0.7785044210620989
2020-09-24,0.770373087441724
2020-09-25,0.7712748017793151
2020-09-28,0.7626509223310719
2020-09-29,0.7637173304313057
2020-09-30,0.7637173304313057
2020-10-01,0.7654370155328226
2020-10-02,0.7631656673546248
2020-10-05,0.7653996824570491
2020-10-06,0.7560852475645862
2020-10-07,0.7600480802978605
2020-10-08,0.7542096091041351
2020-10-09,0.7515471032160324
2020-10-12,0.7567825580187912
2020-10-13,0.7513578857043076
2020-10-14,0.7538654483497049
2020-10-15,0.7493168374570517
2020-10-16,0.7591449322377135
2020-10-19,0.7563948962370967
2020-10-20,0.7571417937627061
2020-10-21,0.7533637782798496
2020-10-22,0.7568541909912491
2020-10-23,0.7571911995422618
2020-10-26,0.7536308597815325
2020-10-27,0.7542622874050983
2020-10-28,0.757460299180878
2020-10-29,0.7606050590153826
2020-10-30,0.7692511571174724
2020-11-02,0.7692511571174724
2020-11-03,0.7929939772200723
2020-11-04,0.7996393737757663
2020-11-05,0.786720300890958
2020-11-06,0.7799928364482487
2020-11-09,0.8072105223959086
2020-11-10,0.8125579843551908
2020-11-11,0.8025119281065505
2020-11-12,0.7913745388879404
2020-11-13,0.7970572618254211
2020-11-16,0.8020716289447134
2020-11-17,0.8041654486669868
2020-11-18,0.7992505709318283
2020-11-19,0.7995495909445843
2020-11-20,0.7995495909445843
2020-11-23,0.8023662631665175
2020-11-24,0.8154622990133792
2020-11-25,0.8219682581370187
2020-11-26,0.819802847103122
2020-11-27,0.8171129258082002
2020-11-30,0.8199190031404127
2020-12-01,0.8236899046984347
2020-12-02,0.8208698385488371
2020-12-03,0.8134825103618067
2020-12-04,0.8196254156195186
2020-12-07,0.8264602744356307
2020-12-08,0.8249926264950787
2020-12-09,0.825516295213225
2020-12-10,0.8152204012187111
2020-12-11,0.8158634863231933
2020-12-14,0.8203475945218605
2020-12-15,0.8210158060979124
2020-12-16,0.8417652971364316
2020-12-17,0.8454517494648389
2020-12-18,0.8479797026576033
2020-12-21,0.8420628325239778
2020-12-22,0.8412943706579972
2020-12-23,0.8374998317829662
2020-12-24,0.8432932602680476
2020-12-25,0.8340541678352592
2020-12-28,0.8300567597146028
2020-12-29,0.8290583201694992
2020-12-30,0.8290583201694992
2020-12-31,0.8290583201694992
2021-01-01,0.8333471576445441
2021-01-04,0.8441811265013064
2021-01-05,0.8588321299522655
2021-01-06,0.8593703865834218
2021-01-07,0.8587819009008337
2021-01-08,0.8587819009008337
2021-01-11,0.8516410285422985
2021-01-12,0.854002447885533
2021-01-13,0.8626626499175242
2021-01-14,0.8603182709711639
2021-01-15,0.8566958964687434
2021-01-18,0.8603167281211352
2021-01-19,0.8593797291992322
2021-01-20,0.8527042919626551
2021-01-21,0.8485555831992773
2021-01-22,0.8493737603848303
2021-01-25,0.859947834779306
2021-01-26,0.8543151805398898
2021-01-27,0.8568024034731448
2021-01-28,0.8601618547578255
2021-01-29,0.8547592249358144
2021-02-01,0.853654190154281
2021-02-02,0.8554701758889002
2021-02-03,0.8619916680498994
2021-02-04,0.861517330169831
2021-02-05,0.8549378140169449
2021-02-08,0.8666396536764934
2021-02-09,0.8825853986874423
2021-02-10,0.8825853986874423
2021-02-11,0.8831120351530679
2021-02-12,0.8842278526640783
2021-02-15,0.893208445515695
2021-02-16,0.9079595149683305
2021-02-17,0.9153531038651559
2021-02-18,0.9079077407886037
2021-02-19,0.908706870162167
2021-02-22,0.908706870162167
2021-02-23,0.9015651875238481
2021-02-24,0.9088257408120338
2021-02-25,0.9067050965864855
2021-02-26,0.9023472980919598
2021-03-01,0.8978524410605581
2021-03-02,0.8960080216924151
2021-03-03,0.891753014713282
2021-03-04,0.8946093358104763
2021-03-05,0.8908585948371605
2021-03-08,0.8973029440781742
2021-03-09,0.8992404344555642
2021-03-10,0.9031459110371691
2021-03-11,0.9074283926048309
2021-03-12,0.9052467313149551
2021-03-15,0.907998906713425
2021-03-16,0.90619210462973
2021-03-17,0.9129679415093004
2021-03-18,0.9168202567175577
2021-03-19,0.9210885995890223
2021-03-22,0.9181654785424862
2021-03-23,0.9161298580877121
2021-03-24,0.9132623565729558
2021-03-25,0.916407776092022
2021-03-26,0.9165535742139135
2021-03-29,0.9155522718197198
2021-03-30,0.9131189651828009
2021-03-31,0.9214743222296324
2021-04-01,0.9209230940030735
2021-04-02,0.9214937043638136
2021-04-05,0.915992164358125
2021-04-06,0.9149425132353558
2021-04-07,0.9111832420778714
2021-04-08,0.906457314579774
2021-04-09,0.9096717962972385
2021-04-12,0.898218372356704
2021-04-13,0.8940545163195618
2021-04-14,0.8959179514287662
2021-04-15,0.9041222518395416
2021-04-16,0.9026615464675165
2021-04-19,0.9048834277155274
2021-04-20,0.9028984987932513
2021-04-21,0.9012997145494912
2021-04-22,0.9024353341204658
2021-04-23,0.8977049143635178
2021-04-26,0.9015010576498835
2021-04-27,0.9035984287867119
2021-04-28,0.9035984287867119
2021-04-29,0.9005365732755313
2021-04-30,0.9005365732755313
2021-05-03,0.9005365732755313
2021-05-04,0.9005365732755313
2021-05-05,0.9176971204045314
2021-05-06,0.9250444455660558
2021-05-07,0.9163584385671268
2021-05-10,0.9169731615605017
2021-05-11,0.9237802498592577
2021-05-12,0.9233787313903125
2021-05-13,0.9367003606963433
2021-05-14,0.9441696356160786
2021-05-17,0.9452858847801046
2021-05-18,0.953209196480464
2021-05-19,0.9546583897860351
2021-05-20,0.955561328800332
2021-05-21,0.949116649015696
2021-05-24,0.9547892320462577
2021-05-25,0.9676127472783876
2021-05-26,0.9560409780631589
2021-05-27,0.9554808159782996
2021-05-28,0.9613988950922494
2021-05-31,0.9657077512582518
2021-06-01,0.9521366929877235
2021-06-02,0.9476694205098131
2021-06-03,0.9401675112136245
2021-06-04,0.9439327144545099
2021-06-07,0.9445621825828765
2021-06-08,0.9484672290341007
2021-06-09,0.9531450625101361
2021-06-10,0.9516787567503201
2021-06-11,0.9520268733902398
2021-06-14,0.9552217170680029
2021-06-15,0.9503459321728661
2021-06-16,0.950849495573492
2021-06-17,0.9456556331502627
2021-06-18,0.9556125466161507
2021-06-21,0.9641059026737463
2021-06-22,0.9604201659220375
2021-06-23,0.9579158710917104
2021-06-24,0.9584365668332648
2021-06-25,0.9557197467686649
2021-06-28,0.9553027997430605
2021-06-29,0.9549826342666484
2021-06-30,0.9581335692494568
2021-07-01,0.9575122099290859
2021-07-02,0.9563391359830575
2021-07-05,0.9500900964716418
2021-07-06,0.9468813851569624
2021-07-07,0.9464356099840858
2021-07-08,0.9516172527330174
2021-07-09,0.9473536384766756
2021-07-12,0.9440012056219265
2021-07-13,0.9528663367268917
2021-07-14,0.9555300835295019
2021-07-15,0.9535154102500322
2021-07-16,0.9646631517431812
2021-07-19,0.9623448643512964
2021-07-20,0.9602642325850697
2021-07-21,0.9602642325850697
2021-07-22,0.9602642325850697
2021-07-23,0.9672527615713149
2021-07-26,0.9644722575287383
2021-07-27,0.9564834966296989
2021-07-28,0.9630455767944811
2021-07-29,0.9610457469475105
2021-07-30,0.9593857974030685
2021-08-02,0.9565903059997014
2021-08-03,0.9638583796037758
2021-08-04,0.9644937693832093
2021-08-05,0.9744370848959598
2021-08-06,0.9744370848959598
2021-08-09,0.9729925795196004
2021-08-10,0.9715916319239357
2021-08-11,0.9728662160328119
2021-08-12,0.9673029972159395
2021-08-13,0.9511174956825759
2021-08-16,0.9518334357922191
2021-08-17,0.9522704314450403
2021-08-18,0.9536614644069838
2021-08-19,0.9764263939599579
2021-08-20,0.9746839736511942
2021-08-23,0.9848953729366035
2021-08-24,0.9825757254128491
2021-08-25,0.9886604681819239
2021-08-26,0.9894684516192176
2021-08-27,0.9849733518911591
2021-08-30,0.9806984503420906
2021-08-31,0.986114294800069
2021-09-01,0.9901143268162073
2021-09-02,0.9933383364385128
2021-09-03,0.989451752151753
2021-09-06,0.9932140295010291
2021-09-07,0.9947486459146913
2021-09-08,1.0009164930938073
2021-09-09,1.002921714549967
2021-09-10,1.007939922374407
2021-09-13,1.009226795286564
2021-09-14,0.9990947017744023
2021-09-15,0.9952741731935615
2021-09-16,0.991218096375179
2021-09-17,0.991218096375179
2021-09-20,1.00233218724915
2021-09-21,0.9948530077560661
2021-09-22,0.9948530077560661
2021-09-23,0.9968133083573133
2021-09-24,0.9986785924909907
2021-09-27,0.9998896076841899
2021-09-28,0.9947318935306025
2021-09-29,0.9969418717626526
2021-09-30,0.996942384593853
2021-10-01,0.9932612936373302
2021-10-04,0.9854475189208152
2021-10-05,0.9987330844569687
2021-10-06,1.0032784747007224
2021-10-07,1.0020289058550116
2021-10-08,0.9943012743920147
2021-10-11,0.9939414597193432
2021-10-12,0.9934371460971017
2021-10-13,1.0044330246490407
2021-10-14,1.0113872409510507
2021-10-15,1.0072561781290106
2021-10-18,1.0089575227618086
2021-10-19,1.0173474557236553
2021-10-20,1.0207365737725977
2021-10-21,1.0224885499487366
2021-10-22,1.0377529910438887
2021-10-25,1.0373434831157524
2021-10-26,1.0432257435263426
2021-10-27,1.0263021551400089
2021-10-28,1.0252868382963687
2021-10-29,1.018320012199575
2021-11-01,1.0173722990633753
2021-11-02,1.0173722990633753
2021-11-03,1.0096064070924986
2021-11-04,1.0194453678237911
2021-11-05,1.0210789923025634
2021-11-08,1.0245523363214364
2021-11-09,1.0193571987005736
2021-11-10,1.031871304735415
2021-11-11,1.027984950936553
2021-11-12,1.028554787614863
2021-11-15,1.0290077743392168
2021-11-16,1.0312405455058948
2021-11-17,1.0338188301052347
2021-11-18,1.036622285316876
2021-11-19,1.0377390489537173
2021-11-22,1.0377390489537173
2021-11-23,1.031199137978805
2021-11-24,1.0352842895620613
2021-11-25,1.0395604438228139
2021-11-26,1.0452398060213242
2021-11-29,1.0454616659480633
2021-11-30,1.0460014039692647
2021-12-01,1.0481679669895112
2021-12-02,1.0529962676663396
2021-12-03,1.0572847324751546
2021-12-06,1.0599025836539133
2021-12-07,1.0604534616873313
2021-12-08,1.063460206074779
2021-12-09,1.0662417425852768
2021-12-10,1.0653562817023683
2021-12-13,1.0670004706669423
2021-12-14,1.0690940085603693
2021-12-15,1.0655319470046574
2021-12-16,1.0669247414992953
2021-12-17,1.0686368232887842
2021-12-20,1.0695942840131818
2021-12-21,1.0708131796827687
2021-12-22,1.0700605745738037
2021-12-23,1.0649790020529306
2021-12-24,1.0641015715452111
2021-12-27,1.0642194501808995
2021-12-28,1.0674998999948726
2021-12-29,1.0675002433461858
2021-12-30,1.0675002433461858
2021-12-31,1.0675002433461858
2022-01-03,1.0664511383621105
2022-01-04,1.063552589485448
2022-01-05,1.0631729827715426
2022-01-06,1.0547630983997038
2022-01-07,1.0547630983997038
2022-01-10,1.0419473818632825
2022-01-11,1.0466314553574885
2022-01-12,1.0369584274356922
2022-01-13,1.0314801715644968
2022-01-14,1.0354589817585589
2022-01-17,1.044747730718613
2022-01-18,1.0463477649201034
2022-01-19,1.0485843291789974
2022-01-20,1.053053893566549
2022-01-21,1.0588997090725292
2022-01-24,1.0705861604137545
2022-01-25,1.0632779243998527
2022-01-26,1.077702870553153
2022-01-27,1.0712648483178855
2022-01-28,1.067234355294063
2022-01-31,1.0642096537710182
2022-02-01,1.062071529898979
2022-02-02,1.0633669492622342
2022-02-03,1.064265650974818
2022-02-04,1.0645012823430795
2022-02-07,1.0732979771505848
2022-02-08,1.0724608190641758
2022-02-09,1.072461948462804
2022-02-10,1.072461948462804
2022-02-11,1.0939527563717983
2022-02-14,1.106082758218883
2022-02-15,1.107223826223436
2022-02-16,1.1164702863326048
2022-02-17,1.11145599535038
2022-02-18,1.1035285825052894
2022-02-21,1.1023718405284937
2022-02-22,1.1023718405284937
2022-02-23,1.1071495299247038
2022-02-24,1.110326459312521
2022-02-25,1.1141961474921904
2022-02-28,1.1036317091987575
2022-03-01,1.1091648404595764
2022-03-02,1.115073768454491
2022-03-03,1.1260881422431421
2022-03-04,1.1322575462442783
2022-03-07,1.1335846234822815
2022-03-08,1.1306274544674189
2022-03-09,1.1278247647862747
2022-03-10,1.1296378151690878
2022-03-11,1.1241885588787137
2022-03-14,1.1197653491602515
2022-03-15,1.1107392955158901
2022-03-16,1.1121904439583812
2022-03-17,1.1138547297357877
2022-03-18,1.1138547297357877
2022-03-21,1.114679714139925
2022-03-22,1.1126697560479564
2022-03-23,1.1160004440768276
2022-03-24,1.1154472742166994
2022-03-25,1.119647871774252
2022-03-28,1.1258190684644855
2022-03-29,1.125148956157951
2022-03-30,1.1314880890436856
2022-03-31,1.1302063741870105
2022-04-01,1.1306184086232869
2022-04-04,1.1286343547015338
2022-04-05,1.1207023819450836
2022-04-06,1.1076194559312609
2022-04-07,1.1080943239206842
2022-04-08,1.1057840538631885
2022-04-11,1.106486738941746
2022-04-12,1.1051173622507329
2022-04-13,1.1012175419428933
2022-04-14,1.1025148414776007
2022-04-15,1.1006881949486356
2022-04-18,1.1039581884414553
2022-04-19,1.105038969551981
2022-04-20,1.1069589921589094
2022-04-21,1.1015853813080339
2022-04-22,1.1088406297252926
2022-04-25,1.11843275894559
2022-04-26,1.1110704114005245
2022-04-27,1.1195567298617035
2022-04-28,1.1195567298617035
2022-04-29,1.1157737613992469
2022-05-02,1.1157737613992469
2022-05-03,1.1157737613992469
2022-05-04,1.1157737613992469
2022-05-05,1.1054583583424313
2022-05-06,1.1009997296754603
2022-05-09,1.1116568707850398
2022-05-10,1.1112650200879037
2022-05-11,1.1161209038220727
2022-05-12,1.1288386655867855
2022-05-13,1.1042184828341466
2022-05-16,1.1026452209733597
2022-05-17,1.1043041708876267
2022-05-18,1.1048721957460728
2022-05-19,1.1059717858738154
2022-05-20,1.110764104495572
2022-05-23,1.1007058489009733
2022-05-24,1.0999841261135685
2022-05-25,1.1009775181917523
2022-05-26,1.0897709144870429
2022-05-27,1.0913187077324293
2022-05-30,1.094424122820718
2022-05-31,1.1000987768704007
2022-06-01,1.1018587048070376
2022-06-02,1.0970558209642516
2022-06-03,1.0942264056227096
2022-06-06,1.1026134653068604
2022-06-07,1.1063407923125417
2022-06-08,1.112394078115312
2022-06-09,1.1166975662290344
2022-06-10,1.1235087677415811
2022-06-13,1.1242134703486684
2022-06-14,1.1280148740522173
2022-06-15,1.1392357533113335
2022-06-16,1.1437062398560753
2022-06-17,1.1455812206827238
2022-06-20,1.1428359072785366
2022-06-21,1.1550303352605364
2022-06-22,1.1522076613985046
2022-06-23,1.1542342577748363
2022-06-24,1.1498691959029719
2022-06-27,1.1544695565968728
2022-06-28,1.1434326461828046
2022-06-29,1.1438497317393788
2022-06-30,1.1325365377925025
2022-07-01,1.1409410904032888
2022-07-04,1.1411553526583074
2022-07-05,1.1536847617228494
2022-07-06,1.1464639841399786
2022-07-07,1.1517210861419611
2022-07-08,1.1498706943858577
2022-07-11,1.154294568458199
2022-07-12,1.1569095175767086
2022-07-13,1.1642093736249217
2022-07-14,1.168796176349087
2022-07-15,1.168796176349087
2022-07-18,1.1745522281346847
2022-07-19,1.1746900516713823
2022-07-20,1.1712250600768421
2022-07-21,1.1702652243526277
2022-07-22,1.1712309766017532
2022-07-25,1.1712576009635431
2022-07-26,1.1717669736691103
2022-07-27,1.1687735986239092
2022-07-28,1.1690560924108317
2022-07-29,1.1812028225461577
2022-08-01,1.1803421729905057
2022-08-02,1.1914840766452839
2022-08-03,1.1884087655810247
2022-08-04,1.1944235128909144
2022-08-05,1.1796972154744294
2022-08-08,1.1830046531022174
2022-08-09,1.188629500356718
2022-08-10,1.188629500356718
2022-08-11,1.1778144706661062
2022-08-12,1.169649821190896
2022-08-15,1.160426474445228
2022-08-16,1.1617842920535957
2022-08-17,1.1600619576023516
2022-08-18,1.156945606968004
2022-08-19,1.161025854375661
2022-08-22,1.1662293274440947
2022-08-23,1.16615145292954
2022-08-24,1.1632259310261583
2022-08-25,1.1646622921323213
2022-08-26,1.1589652063850768
2022-08-29,1.1578629311018003
2022-08-30,1.1553448195817897
2022-08-31,1.1602650057856247
2022-09-01,1.1603084634643657
2022-09-02,1.1639670321633568
2022-09-05,1.1673628379853351
2022-09-06,1.1703526371733517
2022-09-07,1.1705561647064953
2022-09-08,1.1731667500590053
2022-09-09,1.1709275008879898
2022-09-12,1.1825117408616694
2022-09-13,1.187364602857313
2022-09-14,1.1857835943041575
2022-09-15,1.1839743532855502
2022-09-16,1.1839743532855502
2022-09-19,1.1829104404702324
2022-09-20,1.1855249524039615
2022-09-21,1.1835159341934214
2022-09-22,1.1835159341934214
2022-09-23,1.1805139889904008
2022-09-26,1.1811665428312845
2022-09-27,1.1847300275382686
2022-09-28,1.1886470033755472
2022-09-29,1.1905405070059238
2022-09-30,1.1935017013873122
2022-10-03,1.190786834253485
2022-10-04,1.1960919583065446
2022-10-05,1.1941472461819722
2022-10-06,1.190970957098354
2022-10-07,1.190970957098354
2022-10-10,1.1956694011071494
2022-10-11,1.19378077011381
2022-10-12,1.1992419981906821
2022-10-13,1.2052642695073015
2022-10-14,1.2084273782136545
2022-10-17,1.2081180999495635
2022-10-18,1.2042826865200287
2022-10-19,1.1995150016740934
2022-10-20,1.2021766217910115
2022-10-21,1.205228219953796
2022-10-24,1.2061388570872478
2022-10-25,1.1951418858397815
2022-10-26,1.1906049659645381
2022-10-27,1.1860222193256071
2022-10-28,1.1818131848372804
2022-10-31,1.1819116877324969
2022-11-01,1.1777420907879053
2022-11-02,1.1777420907879053
2022-11-03,1.179567199744743
2022-11-04,1.1828508203916668
2022-11-07,1.1894684858260773
2022-11-08,1.191082276460545
2022-11-09,1.2056986155134022
2022-11-10,1.2052206670538443
2022-11-11,1.2119956156645162
2022-11-14,1.2093596273743876
2022-11-15,1.212049485758772
2022-11-16,1.2068258493487538
2022-11-17,1.2140533296143294
2022-11-18,1.2185504407249235
2022-11-21,1.221353910597668
2022-11-22,1.221353910597668
2022-11-23,1.2230981177851992
2022-11-24,1.2226492024323055
2022-11-25,1.2243905848558354
2022-11-28,1.2123915518594077
2022-11-29,1.2247593424885779
2022-11-30,1.2262824261188954
2022-12-01,1.2236757607983024
2022-12-02,1.2255483190712084
2022-12-05,1.2241197646237736
2022-12-06,1.2230287783136258
2022-12-07,1.2206223184949097
2022-12-08,1.2260395899128311
2022-12-09,1.227902661078021
2022-12-12,1.2342427682411863
2022-12-13,1.2332321766058616
2022-12-14,1.230182402821964
2022-12-15,1.2225409649948376
2022-12-16,1.2248524873041156
2022-12-19,1.2167258908036191
2022-12-20,1.2198943134099862
2022-12-21,1.2152119639021686
2022-12-22,1.213589113850754
2022-12-23,1.216535127420365
2022-12-26,1.2146696262668315
2022-12-27,1.2120317748587641
2022-12-28,1.2111395981794806
2022-12-29,1.210372108961988
2022-12-30,1.210372108961988
2023-01-02,1.210372108961988
2023-01-03,1.2130245242119373
2023-01-04,1.2145401336118362
2023-01-05,1.2095523321901682
2023-01-06,1.2095523321901682
2023-01-09,1.2039026250973976
2023-01-10,1.200678689976613
2023-01-11,1.1972463299356657
2023-01-12,1.1968821731240356
2023-01-13,1.1954051510446373
2023-01-16,1.1942651623288931
2023-01-17,1.2017837923076464
2023-01-18,1.2023057920992335
2023-01-19,1.201882527714569
2023-01-20,1.2029418732654875
2023-01-23,1.2021327809986184
2023-01-24,1.1997193299275088
2023-01-25,1.202240263951826
2023-01-26,1.201136958187144
2023-01-27,1.1957391869686427
2023-01-30,1.1957005325330823
2023-01-31,1.1958242588721029
2023-02-01,1.200789169124898
2023-02-02,1.1990692771958567
2023-02-03,1.2135155200166234
2023-02-06,1.2110066409394915
2023-02-07,1.2089614350188533
2023-02-08,1.197291442301634
2023-02-09,1.2001322311829652
2023-02-10,1.2046237383094311
2023-02-13,1.2039962334895746
2023-02-14,1.203506813056047
2023-02-15,1.2028677520767708
2023-02-16,1.2007157771092658
2023-02-17,1.2001568934414897
2023-02-20,1.2048929931019035
2023-02-21,1.2040086121025642
2023-02-22,1.2040086121025642
2023-02-23,1.2055641256278644
2023-02-24,1.1986273836940278
2023-02-27,1.2020657837267248
2023-02-28,1.202558361193045
2023-03-01,1.2035311737884722
2023-03-02,1.2025226919434149
2023-03-03,1.2020638130115797
2023-03-06,1.2033567220214207
2023-03-07,1.1998326468072271
2023-03-08,1.1977383233954737
2023-03-09,1.2037340051620586
2023-03-10,1.206702063154594
2023-03-13,1.2112438575599078
2023-03-14,1.2052205843352066
2023-03-15,1.2001363643242267
2023-03-16,1.1995782236825858
2023-03-17,1.203749950677558
2023-03-20,1.203749950677558
2023-03-21,1.1996585554094596
2023-03-22,1.2004801160765877
2023-03-23,1.2001247214783985
2023-03-24,1.202410778575688
2023-03-27,1.2022203819584871
2023-03-28,1.1999023989003623
2023-03-29,1.200162803922712
2023-03-30,1.2007663472605647
2023-03-31,1.1999467284607108
2023-04-03,1.2013197639549884
2023-04-04,1.2032474646462388
2023-04-05,1.2085059859170206
2023-04-06,1.2054606002445172
2023-04-07,1.2060650676868276
2023-04-10,1.2062902940613123
2023-04-11,1.2062083912865187
2023-04-12,1.2063713677941268
2023-04-13,1.2108694827496629
2023-04-14,1.2072112357030482
2023-04-17,1.205225328218952
2023-04-18,1.2022086721287744
2023-04-19,1.2046617620115303
2023-04-20,1.2034646579076518
2023-04-21,1.2127110755040214
2023-04-24,1.208796469616123
2023-04-25,1.21480577416575
2023-04-26,1.2202154268099987
2023-04-27,1.2296056621511302
2023-04-28,1.2251584775073332
2023-05-01,1.2244044213848744
2023-05-02,1.2244044213848744
2023-05-03,1.2244044213848744
2023-05-04,1.2244044213848744
2023-05-05,1.2260710522051834
2023-05-08,1.2222102767179912
2023-05-09,1.229699174218075
2023-05-10,1.2196765253805064
2023-05-11,1.2185487659885368
2023-05-12,1.2180459752276422
2023-05-15,1.2065062607762214
2023-05-16,1.204218079914155
2023-05-17,1.2035585499600576
2023-05-18,1.1962542504600757
2023-05-19,1.1963028145198007
2023-05-22,1.2045874954548192
2023-05-23,1.2071557971867344
2023-05-24,1.19621347876607
2023-05-25,1.193894192267044
2023-05-26,1.1912287637843155
2023-05-29,1.1858987447803155
2023-05-30,1.1860718980692342
2023-05-31,1.1946460784382684
2023-06-01,1.1923741461559898
2023-06-02,1.1938189641974013
2023-06-05,1.1897167289313835
2023-06-06,1.193808620318497
2023-06-07,1.1904295310853445
2023-06-08,1.1894704305920096
2023-06-09,1.1809957054876812
2023-06-12,1.1790336178341658
2023-06-13,1.1887938657879955
2023-06-14,1.1889646195869232
2023-06-15,1.1897915308709832
2023-06-16,1.1891372720004187
2023-06-19,1.1922682864357772
2023-06-20,1.1933291184665875
2023-06-21,1.200353023557817
2023-06-22,1.1993307726594944
2023-06-23,1.196147617674022
2023-06-26,1.1971978459529844
2023-06-27,1.2019462444715778
2023-06-28,1.2091229201776805
2023-06-29,1.2128231465535517
2023-06-30,1.2100387549727343
2023-07-03,1.2171843755163148
2023-07-04,1.2179842740530722
2023-07-05,1.2261612522623728
2023-07-06,1.2318449867503134
2023-07-07,1.235033925604929
2023-07-10,1.2422225233334638
2023-07-11,1.2436503494338058
2023-07-12,1.2471252759253169
2023-07-13,1.2475813648339997
2023-07-14,1.2475813648339997
2023-07-17,1.2473492479207604
2023-07-18,1.2441432209753738
2023-07-19,1.2469606645665212
2023-07-20,1.242213851919552
2023-07-21,1.2411669951598303
2023-07-24,1.2463229806032468
2023-07-25,1.2477783731602645
2023-07-26,1.2520054251179356
2023-07-27,1.2536512191246914
2023-07-28,1.251036598474376
2023-07-31,1.2392473648706366
2023-08-01,1.2359015966351194
2023-08-02,1.2469736272099075
2023-08-03,1.2503071395560645
2023-08-04,1.24970804676834
2023-08-07,1.251522106923562
2023-08-08,1.2526765331260257
2023-08-09,1.2298047711315352
2023-08-10,1.2298047711315352
2023-08-11,1.2417391852087245
2023-08-14,1.2428776081572805
2023-08-15,1.2426957734325395
2023-08-16,1.2520613201828215
2023-08-17,1.2523299801021024
2023-08-18,1.2546871884503936
2023-08-21,1.2560979023407242
2023-08-22,1.2555080773401146
2023-08-23,1.2556712241584271
2023-08-24,1.2571119329454032
2023-08-25,1.2588878450716998
2023-08-28,1.2636192245082363
2023-08-29,1.2605403807908697
2023-08-30,1.2581524772397938
2023-08-31,1.2629824546308843
2023-09-01,1.2646028375569305
2023-09-04,1.2655638358106733
2023-09-05,1.2596238274156504
2023-09-06,1.2596004463802568
2023-09-07,1.256669471762188
2023-09-08,1.257706807622889
2023-09-11,1.2593557340937536
2023-09-12,1.260901956699354
2023-09-13,1.2603848029167972
2023-09-14,1.261619455189058
2023-09-15,1.261619455189058
2023-09-18,1.2562366381432442
2023-09-19,1.2553013355557385
2023-09-20,1.258325056882765
2023-09-21,1.2596081207746248
2023-09-22,1.255658379655959
2023-09-25,1.2549178212629046
2023-09-26,1.2595985032255665
2023-09-27,1.2647117048204688
2023-09-28,1.2645634954261784
2023-09-29,1.269711451423028
2023-10-02,1.2782432999193512
2023-10-03,1.2783298378262242
2023-10-04,1.2824625685745428
2023-10-05,1.276296209599804
2023-10-06,1.276296209599804
2023-10-09,1.2743332744341154
2023-10-10,1.2683921288678837
2023-10-11,1.267156648890266
2023-10-12,1.2685928806059148
2023-10-13,1.2665985949024938
2023-10-16,1.2698710002762084
2023-10-17,1.277379503629562
2023-10-18,1.2799688313171418
2023-10-19,1.28229366329025
2023-10-20,1.2841480197769009
2023-10-23,1.2868573053138352
2023-10-24,1.2823874443201855
2023-10-25,1.285645965541372
2023-10-26,1.3056165874678674
2023-10-27,1.3231401470026194
2023-10-30,1.3303416656923468
2023-10-31,1.337034921929358
2023-11-01,1.342428292161803
2023-11-02,1.342428292161803
2023-11-03,1.3415484041089312
2023-11-06,1.3290011557310253
2023-11-07,1.3378906757220355
2023-11-08,1.3325915126188905
2023-11-09,1.3528362555648639
2023-11-10,1.3598910084394884
2023-11-13,1.3565445939206393
2023-11-14,1.3640527192482534
2023-11-15,1.362797927352282
2023-11-16,1.355954643992633
2023-11-17,1.362873882139788
2023-11-20,1.3600173438280587
2023-11-21,1.3644961360309638
2023-11-22,1.3644961360309638
2023-11-23,1.3703475844104087
2023-11-24,1.381361992000823
2023-11-27,1.3839540620603137
2023-11-28,1.3831893031616178
2023-11-29,1.373186296720515
2023-11-30,1.3718074635645587
2023-12-01,1.359742260412842
2023-12-04,1.3672993215458684
2023-12-05,1.364516171657934
2023-12-06,1.3636800124774537
2023-12-07,1.3551439848779476
2023-12-08,1.3645274758674506
2023-12-11,1.360862817746757
2023-12-12,1.3640569849813904
2023-12-13,1.3534149851910404
2023-12-14,1.3668312077387519
2023-12-15,1.372772650412373
2023-12-18,1.375559032832463
2023-12-19,1.3872230427531675
2023-12-20,1.391143424249812
2023-12-21,1.3923312414771765
2023-12-22,1.3941876848418806
2023-12-25,1.3921788989243862
2023-12-26,1.389162588860096
2023-12-27,1.3963067118674748
2023-12-28,1.3984956857187818
2023-12-29,1.3984956857187818
2024-01-01,1.3984956857187818
2024-01-02,1.3984956857187818
2024-01-03,1.3994230780564485
2024-01-04,1.4008903530634769
2024-01-05,1.4008903530634769
2024-01-08,1.401540263325227
2024-01-09,1.4034441568611942
2024-01-10,1.3971975848653717
2024-01-11,1.4011793350111825
2024-01-12,1.3993348202027296
2024-01-15,1.4056681091198617
2024-01-16,1.404767916679515
2024-01-17,1.411230702229254
2024-01-18,1.4080887112521474
2024-01-19,1.405795946688739
2024-01-22,1.4068216395105184
2024-01-23,1.4184377380330602
2024-01-24,1.4233510730806582
2024-01-25,1.42334227884713
2024-01-26,1.4212350168339487
2024-01-29,1.4212909223826102
2024-01-30,1.4189210967538888
2024-01-31,1.4229349322958027
2024-02-01,1.4302507914021607
2024-02-02,1.4365025819686854
2024-02-05,1.4443861503823188
2024-02-06,1.4511718034349137
2024-02-07,1.4657615025739519
2024-02-08,1.4858721664129664
2024-02-09,1.4858721664129664
2024-02-12,1.488203299553559
2024-02-13,1.4982704602987387
2024-02-14,1.5000145781503456
2024-02-15,1.506381138172852
2024-02-16,1.518472237056475
2024-02-19,1.5165686625696826
2024-02-20,1.519961423309156
2024-02-21,1.5284932902674493
2024-02-22,1.5284932902674493
2024-02-23,1.5290569274370525
2024-02-26,1.5255091301379333
2024-02-27,1.5208828003971602
2024-02-28,1.5244392943605518
2024-02-29,1.526231617911635
2024-03-01,1.5297339484301045
2024-03-04,1.5294638910026566
2024-03-05,1.5288787244256958
2024-03-06,1.51538718948035
2024-03-07,1.5110769909655337
2024-03-08,1.5114958141844648
2024-03-11,1.5211656575039092
2024-03-12,1.521655731618137
2024-03-13,1.53173811236419
2024-03-14,1.5355953112585208
2024-03-15,1.531013813217616
2024-03-18,1.5296326045243058
2024-03-19,1.5296326045243058
2024-03-20,1.532281763867743
2024-03-21,1.5289780386026477
2024-03-22,1.536002671543044
2024-03-25,1.533154635517661
2024-03-26,1.5382466474480196
2024-03-27,1.5404115378762164
2024-03-28,1.5475077790281988
2024-03-29,1.5479235119519985
2024-04-01,1.5449186366177257
2024-04-02,1.5471906110564657
2024-04-03,1.5548646475407886
2024-04-04,1.5497071001957714
2024-04-05,1.5491875222602844
2024-04-08,1.5482941426178685
2024-04-09,1.5497575349550672
2024-04-10,1.5511617944494978
2024-04-11,1.544422051003428
2024-04-12,1.5446117468422962
2024-04-15,1.5532348918661625
2024-04-16,1.5495399646210615
2024-04-17,1.5568710421557566
2024-04-18,1.556527270673421
2024-04-19,1.5663364552260273
2024-04-22,1.5613206282498537
2024-04-23,1.5711866420572118
2024-04-24,1.5728325456903691
2024-04-25,1.5718322235267272
2024-04-26,1.5718322235267272
2024-04-29,1.5742185305718606
2024-04-30,1.5697063334470138
2024-05-01,1.5807444526556849
2024-05-02,1.5807444526556849
2024-05-03,1.5807444526556849
2024-05-06,1.5777525508452956
2024-05-07,1.5710115984095259
2024-05-08,1.574690025948326
2024-05-09,1.5658678606257295
2024-05-10,1.569694586061662
2024-05-13,1.5683020469082185
2024-05-14,1.5643887302221318
2024-05-15,1.5668869824547524
2024-05-16,1.5711778580749525
2024-05-17,1.578075971989755
2024-05-20,1.573787534670771
2024-05-21,1.5830279577581585
2024-05-22,1.5831667712318038
2024-05-23,1.5811309902509876
2024-05-24,1.5860396542870907
2024-05-27,1.5826488077409033
2024-05-28,1.5843356230880865
2024-05-29,1.5886550144179747
2024-05-30,1.5850480208555782
2024-05-31,
